"module name","license","repository"
"@babel/code-frame@7.10.1","MIT","https://github.com/babel/babel"
"@babel/code-frame@7.10.4","MIT","https://github.com/babel/babel"
"@babel/compat-data@7.12.1","MIT","https://github.com/babel/babel"
"@babel/core@7.12.3","MIT","https://github.com/babel/babel"
"@babel/generator@7.10.2","MIT","https://github.com/babel/babel"
"@babel/generator@7.12.1","MIT","https://github.com/babel/babel"
"@babel/helper-annotate-as-pure@7.10.4","MIT","https://github.com/babel/babel"
"@babel/helper-builder-binary-assignment-operator-visitor@7.10.4","MIT","https://github.com/babel/babel"
"@babel/helper-compilation-targets@7.12.1","MIT","https://github.com/babel/babel"
"@babel/helper-create-class-features-plugin@7.12.1","MIT","https://github.com/babel/babel"
"@babel/helper-create-regexp-features-plugin@7.12.1","MIT","https://github.com/babel/babel"
"@babel/helper-define-map@7.10.5","MIT","https://github.com/babel/babel"
"@babel/helper-explode-assignable-expression@7.12.1","MIT","https://github.com/babel/babel"
"@babel/helper-function-name@7.10.1","MIT","https://github.com/babel/babel"
"@babel/helper-function-name@7.10.4","MIT","https://github.com/babel/babel"
"@babel/helper-get-function-arity@7.10.1","MIT","https://github.com/babel/babel"
"@babel/helper-get-function-arity@7.10.4","MIT","https://github.com/babel/babel"
"@babel/helper-hoist-variables@7.10.4","MIT","https://github.com/babel/babel"
"@babel/helper-member-expression-to-functions@7.12.1","MIT","https://github.com/babel/babel"
"@babel/helper-module-imports@7.12.1","MIT","https://github.com/babel/babel"
"@babel/helper-module-transforms@7.12.1","MIT","https://github.com/babel/babel"
"@babel/helper-optimise-call-expression@7.10.4","MIT","https://github.com/babel/babel"
"@babel/helper-plugin-utils@7.10.4","MIT","https://github.com/babel/babel"
"@babel/helper-regex@7.10.5","MIT","https://github.com/babel/babel"
"@babel/helper-remap-async-to-generator@7.12.1","MIT","https://github.com/babel/babel"
"@babel/helper-replace-supers@7.12.1","MIT","https://github.com/babel/babel"
"@babel/helper-simple-access@7.12.1","MIT","https://github.com/babel/babel"
"@babel/helper-skip-transparent-expression-wrappers@7.12.1","MIT","https://github.com/babel/babel"
"@babel/helper-split-export-declaration@7.10.1","MIT","https://github.com/babel/babel"
"@babel/helper-split-export-declaration@7.11.0","MIT","https://github.com/babel/babel"
"@babel/helper-validator-identifier@7.10.1","MIT","https://github.com/babel/babel"
"@babel/helper-validator-identifier@7.10.4","MIT","https://github.com/babel/babel"
"@babel/helper-validator-option@7.12.1","MIT","https://github.com/babel/babel"
"@babel/helper-wrap-function@7.12.3","MIT","https://github.com/babel/babel"
"@babel/helpers@7.12.1","MIT","https://github.com/babel/babel"
"@babel/highlight@7.10.1","MIT","https://github.com/babel/babel"
"@babel/highlight@7.10.4","MIT","https://github.com/babel/babel"
"@babel/parser@7.10.2","MIT","https://github.com/babel/babel"
"@babel/parser@7.12.3","MIT","https://github.com/babel/babel"
"@babel/plugin-proposal-async-generator-functions@7.12.1","MIT","https://github.com/babel/babel"
"@babel/plugin-proposal-class-properties@7.12.1","MIT","https://github.com/babel/babel"
"@babel/plugin-proposal-decorators@7.12.1","MIT","https://github.com/babel/babel"
"@babel/plugin-proposal-dynamic-import@7.12.1","MIT","https://github.com/babel/babel"
"@babel/plugin-proposal-export-namespace-from@7.12.1","MIT","https://github.com/babel/babel"
"@babel/plugin-proposal-json-strings@7.12.1","MIT","https://github.com/babel/babel"
"@babel/plugin-proposal-logical-assignment-operators@7.12.1","MIT","https://github.com/babel/babel"
"@babel/plugin-proposal-nullish-coalescing-operator@7.12.1","MIT","https://github.com/babel/babel"
"@babel/plugin-proposal-numeric-separator@7.12.1","MIT","https://github.com/babel/babel"
"@babel/plugin-proposal-object-rest-spread@7.12.1","MIT","https://github.com/babel/babel"
"@babel/plugin-proposal-optional-catch-binding@7.12.1","MIT","https://github.com/babel/babel"
"@babel/plugin-proposal-optional-chaining@7.12.1","MIT","https://github.com/babel/babel"
"@babel/plugin-proposal-private-methods@7.12.1","MIT","https://github.com/babel/babel"
"@babel/plugin-proposal-unicode-property-regex@7.12.1","MIT","https://github.com/babel/babel"
"@babel/plugin-syntax-async-generators@7.8.4","MIT","https://github.com/babel/babel/tree/master/packages/babel-plugin-syntax-async-generators"
"@babel/plugin-syntax-class-properties@7.12.1","MIT","https://github.com/babel/babel"
"@babel/plugin-syntax-decorators@7.12.1","MIT","https://github.com/babel/babel"
"@babel/plugin-syntax-dynamic-import@7.8.3","MIT","https://github.com/babel/babel/tree/master/packages/babel-plugin-syntax-dynamic-import"
"@babel/plugin-syntax-export-namespace-from@7.8.3","MIT","https://github.com/babel/babel/tree/master/packages/babel-plugin-syntax-export-namespace-from"
"@babel/plugin-syntax-json-strings@7.8.3","MIT","https://github.com/babel/babel/tree/master/packages/babel-plugin-syntax-json-strings"
"@babel/plugin-syntax-jsx@7.12.1","MIT","https://github.com/babel/babel"
"@babel/plugin-syntax-logical-assignment-operators@7.10.4","MIT","https://github.com/babel/babel"
"@babel/plugin-syntax-nullish-coalescing-operator@7.8.3","MIT","https://github.com/babel/babel/tree/master/packages/babel-plugin-syntax-nullish-coalescing-operator"
"@babel/plugin-syntax-numeric-separator@7.10.4","MIT","https://github.com/babel/babel"
"@babel/plugin-syntax-object-rest-spread@7.8.3","MIT","https://github.com/babel/babel/tree/master/packages/babel-plugin-syntax-object-rest-spread"
"@babel/plugin-syntax-optional-catch-binding@7.8.3","MIT","https://github.com/babel/babel/tree/master/packages/babel-plugin-syntax-optional-catch-binding"
"@babel/plugin-syntax-optional-chaining@7.8.3","MIT","https://github.com/babel/babel/tree/master/packages/babel-plugin-syntax-optional-chaining"
"@babel/plugin-syntax-top-level-await@7.12.1","MIT","https://github.com/babel/babel"
"@babel/plugin-transform-arrow-functions@7.12.1","MIT","https://github.com/babel/babel"
"@babel/plugin-transform-async-to-generator@7.12.1","MIT","https://github.com/babel/babel"
"@babel/plugin-transform-block-scoped-functions@7.12.1","MIT","https://github.com/babel/babel"
"@babel/plugin-transform-block-scoping@7.12.1","MIT","https://github.com/babel/babel"
"@babel/plugin-transform-classes@7.12.1","MIT","https://github.com/babel/babel"
"@babel/plugin-transform-computed-properties@7.12.1","MIT","https://github.com/babel/babel"
"@babel/plugin-transform-destructuring@7.12.1","MIT","https://github.com/babel/babel"
"@babel/plugin-transform-dotall-regex@7.12.1","MIT","https://github.com/babel/babel"
"@babel/plugin-transform-duplicate-keys@7.12.1","MIT","https://github.com/babel/babel"
"@babel/plugin-transform-exponentiation-operator@7.12.1","MIT","https://github.com/babel/babel"
"@babel/plugin-transform-for-of@7.12.1","MIT","https://github.com/babel/babel"
"@babel/plugin-transform-function-name@7.12.1","MIT","https://github.com/babel/babel"
"@babel/plugin-transform-literals@7.12.1","MIT","https://github.com/babel/babel"
"@babel/plugin-transform-member-expression-literals@7.12.1","MIT","https://github.com/babel/babel"
"@babel/plugin-transform-modules-amd@7.12.1","MIT","https://github.com/babel/babel"
"@babel/plugin-transform-modules-commonjs@7.12.1","MIT","https://github.com/babel/babel"
"@babel/plugin-transform-modules-systemjs@7.12.1","MIT","https://github.com/babel/babel"
"@babel/plugin-transform-modules-umd@7.12.1","MIT","https://github.com/babel/babel"
"@babel/plugin-transform-named-capturing-groups-regex@7.12.1","MIT","https://github.com/babel/babel"
"@babel/plugin-transform-new-target@7.12.1","MIT","https://github.com/babel/babel"
"@babel/plugin-transform-object-super@7.12.1","MIT","https://github.com/babel/babel"
"@babel/plugin-transform-parameters@7.12.1","MIT","https://github.com/babel/babel"
"@babel/plugin-transform-property-literals@7.12.1","MIT","https://github.com/babel/babel"
"@babel/plugin-transform-regenerator@7.12.1","MIT","https://github.com/babel/babel"
"@babel/plugin-transform-reserved-words@7.12.1","MIT","https://github.com/babel/babel"
"@babel/plugin-transform-runtime@7.12.1","MIT","https://github.com/babel/babel"
"@babel/plugin-transform-shorthand-properties@7.12.1","MIT","https://github.com/babel/babel"
"@babel/plugin-transform-spread@7.12.1","MIT","https://github.com/babel/babel"
"@babel/plugin-transform-sticky-regex@7.12.1","MIT","https://github.com/babel/babel"
"@babel/plugin-transform-template-literals@7.12.1","MIT","https://github.com/babel/babel"
"@babel/plugin-transform-typeof-symbol@7.12.1","MIT","https://github.com/babel/babel"
"@babel/plugin-transform-unicode-escapes@7.12.1","MIT","https://github.com/babel/babel"
"@babel/plugin-transform-unicode-regex@7.12.1","MIT","https://github.com/babel/babel"
"@babel/preset-env@7.12.1","MIT","https://github.com/babel/babel"
"@babel/preset-modules@0.1.4","MIT",""
"@babel/runtime@7.12.1","MIT","https://github.com/babel/babel"
"@babel/template@7.10.1","MIT","https://github.com/babel/babel"
"@babel/template@7.10.4","MIT","https://github.com/babel/babel"
"@babel/traverse@7.10.1","MIT","https://github.com/babel/babel"
"@babel/traverse@7.12.1","MIT","https://github.com/babel/babel"
"@babel/types@7.10.2","MIT","https://github.com/babel/babel"
"@babel/types@7.12.1","MIT","https://github.com/babel/babel"
"@eslint/eslintrc@0.2.1","MIT","https://github.com/eslint/eslintrc"
"@hapi/address@2.1.4","BSD-3-Clause","https://github.com/hapijs/address"
"@hapi/bourne@1.3.2","BSD-3-Clause","https://github.com/hapijs/bourne"
"@hapi/hoek@8.5.1","BSD-3-Clause","https://github.com/hapijs/hoek"
"@hapi/joi@15.1.1","BSD-3-Clause","https://github.com/hapijs/joi"
"@hapi/topo@3.1.6","BSD-3-Clause","https://github.com/hapijs/topo"
"@intervolga/optimize-cssnano-plugin@1.0.6","MIT","https://github.com/intervolga/optimize-cssnano-plugin"
"@mrmlnc/readdir-enhanced@2.2.1","MIT","https://github.com/bigstickcarpet/readdir-enhanced"
"@nodelib/fs.stat@1.1.3","MIT","https://github.com/nodelib/nodelib/tree/master/packages/fs/fs.stat"
"@soda/friendly-errors-webpack-plugin@1.7.1","MIT","https://github.com/sodatea/friendly-errors-webpack-plugin"
"@soda/get-current-script@1.0.2","MIT","https://github.com/sodatea/get-current-script"
"@types/anymatch@1.3.1","MIT","https://github.com/DefinitelyTyped/DefinitelyTyped"
"@types/body-parser@1.19.0","MIT","https://github.com/DefinitelyTyped/DefinitelyTyped"
"@types/connect-history-api-fallback@1.3.3","MIT","https://github.com/DefinitelyTyped/DefinitelyTyped"
"@types/connect@3.4.33","MIT","https://github.com/DefinitelyTyped/DefinitelyTyped"
"@types/express-serve-static-core@4.17.13","MIT","https://github.com/DefinitelyTyped/DefinitelyTyped"
"@types/express@4.17.8","MIT","https://github.com/DefinitelyTyped/DefinitelyTyped"
"@types/glob@7.1.3","MIT","https://github.com/DefinitelyTyped/DefinitelyTyped"
"@types/http-proxy-middleware@0.19.3","MIT","https://github.com/DefinitelyTyped/DefinitelyTyped"
"@types/http-proxy@1.17.4","MIT","https://github.com/DefinitelyTyped/DefinitelyTyped"
"@types/json-schema@7.0.6","MIT","https://github.com/DefinitelyTyped/DefinitelyTyped"
"@types/mime@2.0.3","MIT","https://github.com/DefinitelyTyped/DefinitelyTyped"
"@types/minimatch@3.0.3","MIT","https://github.com/DefinitelyTyped/DefinitelyTyped"
"@types/minimist@1.2.0","MIT","https://github.com/DefinitelyTyped/DefinitelyTyped"
"@types/node@14.14.0","MIT","https://github.com/DefinitelyTyped/DefinitelyTyped"
"@types/normalize-package-data@2.4.0","MIT","https://github.com/DefinitelyTyped/DefinitelyTyped"
"@types/parse-json@4.0.0","MIT","https://github.com/DefinitelyTyped/DefinitelyTyped"
"@types/q@1.5.4","MIT","https://github.com/DefinitelyTyped/DefinitelyTyped"
"@types/qs@6.9.5","MIT","https://github.com/DefinitelyTyped/DefinitelyTyped"
"@types/range-parser@1.2.3","MIT","https://github.com/DefinitelyTyped/DefinitelyTyped"
"@types/serve-static@1.13.6","MIT","https://github.com/DefinitelyTyped/DefinitelyTyped"
"@types/source-list-map@0.1.2","MIT","https://github.com/DefinitelyTyped/DefinitelyTyped"
"@types/tapable@1.0.6","MIT","https://github.com/DefinitelyTyped/DefinitelyTyped"
"@types/uglify-js@3.11.0","MIT","https://github.com/DefinitelyTyped/DefinitelyTyped"
"@types/webpack-dev-server@3.11.0","MIT","https://github.com/DefinitelyTyped/DefinitelyTyped"
"@types/webpack-sources@2.0.0","MIT","https://github.com/DefinitelyTyped/DefinitelyTyped"
"@types/webpack@4.41.23","MIT","https://github.com/DefinitelyTyped/DefinitelyTyped"
"@vue/babel-helper-vue-jsx-merge-props@1.2.1","MIT","https://github.com/vuejs/jsx/tree/master/packages/babel-helper-vue-jsx-merge-props"
"@vue/babel-helper-vue-transform-on@1.0.0-rc.2","MIT",""
"@vue/babel-plugin-jsx@1.0.0-rc.3","MIT","https://github.com/vuejs/jsx-next"
"@vue/babel-plugin-transform-vue-jsx@1.2.1","MIT","https://github.com/vuejs/jsx/tree/master/packages/babel-plugin-transform-vue-jsx"
"@vue/babel-preset-app@4.5.8","MIT","https://github.com/vuejs/vue-cli"
"@vue/babel-preset-jsx@1.2.3","MIT","https://github.com/vuejs/jsx/tree/master/packages/babel-preset-jsx"
"@vue/babel-sugar-composition-api-inject-h@1.2.1","MIT","https://github.com/vuejs/jsx/tree/master/packages/babel-sugar-composition-api-inject-h"
"@vue/babel-sugar-composition-api-render-instance@1.2.1","MIT","https://github.com/vuejs/jsx/tree/master/packages/babel-sugar-composition-api-render-instance"
"@vue/babel-sugar-functional-vue@1.2.2","MIT","https://github.com/vuejs/jsx/tree/master/packages/babel-sugar-functional-vue"
"@vue/babel-sugar-inject-h@1.2.2","MIT","https://github.com/vuejs/jsx/tree/master/packages/babel-sugar-inject-h"
"@vue/babel-sugar-v-model@1.2.3","MIT","https://github.com/vuejs/jsx/tree/master/packages/babel-sugar-v-model"
"@vue/babel-sugar-v-on@1.2.3","MIT","https://github.com/vuejs/jsx/tree/master/packages/babel-sugar-v-on"
"@vue/cli-overlay@4.5.8","MIT","https://github.com/vuejs/vue-cli"
"@vue/cli-plugin-babel@4.5.8","MIT","https://github.com/vuejs/vue-cli"
"@vue/cli-plugin-eslint@4.5.8","MIT","https://github.com/vuejs/vue-cli"
"@vue/cli-plugin-pwa@4.5.8","MIT","https://github.com/vuejs/vue-cli"
"@vue/cli-plugin-router@4.5.8","MIT","https://github.com/vuejs/vue-cli"
"@vue/cli-plugin-vuex@4.5.8","MIT","https://github.com/vuejs/vue-cli"
"@vue/cli-service@4.5.8","MIT","https://github.com/vuejs/vue-cli"
"@vue/cli-shared-utils@4.5.8","MIT","https://github.com/vuejs/vue-cli"
"@vue/component-compiler-utils@3.2.0","MIT","https://github.com/vuejs/component-compiler-utils"
"@vue/eslint-config-prettier@6.0.0","MIT","https://github.com/vuejs/eslint-config-prettier"
"@vue/preload-webpack-plugin@1.1.2","Apache-2.0","https://github.com/vuejs/preload-webpack-plugin"
"@vue/web-component-wrapper@1.2.0","MIT","https://github.com/vuejs/web-component-wrapper"
"@webassemblyjs/ast@1.9.0","MIT","https://github.com/xtuc/webassemblyjs"
"@webassemblyjs/floating-point-hex-parser@1.9.0","MIT","https://github.com/xtuc/webassemblyjs"
"@webassemblyjs/helper-api-error@1.9.0","MIT",""
"@webassemblyjs/helper-buffer@1.9.0","MIT","https://github.com/xtuc/webassemblyjs"
"@webassemblyjs/helper-code-frame@1.9.0","MIT","https://github.com/xtuc/webassemblyjs"
"@webassemblyjs/helper-fsm@1.9.0","ISC",""
"@webassemblyjs/helper-module-context@1.9.0","MIT","https://github.com/xtuc/webassemblyjs"
"@webassemblyjs/helper-wasm-bytecode@1.9.0","MIT","https://github.com/xtuc/webassemblyjs"
"@webassemblyjs/helper-wasm-section@1.9.0","MIT","https://github.com/xtuc/webassemblyjs"
"@webassemblyjs/ieee754@1.9.0","MIT",""
"@webassemblyjs/leb128@1.9.0","MIT",""
"@webassemblyjs/utf8@1.9.0","MIT","https://github.com/xtuc/webassemblyjs"
"@webassemblyjs/wasm-edit@1.9.0","MIT","https://github.com/xtuc/webassemblyjs"
"@webassemblyjs/wasm-gen@1.9.0","MIT","https://github.com/xtuc/webassemblyjs"
"@webassemblyjs/wasm-opt@1.9.0","MIT","https://github.com/xtuc/webassemblyjs"
"@webassemblyjs/wasm-parser@1.9.0","MIT","https://github.com/xtuc/webassemblyjs"
"@webassemblyjs/wast-parser@1.9.0","MIT","https://github.com/xtuc/webassemblyjs"
"@webassemblyjs/wast-printer@1.9.0","MIT","https://github.com/xtuc/webassemblyjs"
"@xtuc/ieee754@1.2.0","BSD-3-Clause","https://github.com/feross/ieee754"
"@xtuc/long@4.2.2","Apache-2.0","https://github.com/dcodeIO/long.js"
"abbrev@1.1.1","ISC","https://github.com/isaacs/abbrev-js"
"accepts@1.3.7","MIT","https://github.com/jshttp/accepts"
"acorn-jsx@5.3.1","MIT","https://github.com/acornjs/acorn-jsx"
"acorn-walk@7.2.0","MIT","https://github.com/acornjs/acorn"
"acorn@6.4.2","MIT","https://github.com/acornjs/acorn"
"acorn@7.4.1","MIT","https://github.com/acornjs/acorn"
"address@1.1.2","MIT","https://github.com/node-modules/address"
"aggregate-error@3.1.0","MIT","https://github.com/sindresorhus/aggregate-error"
"ajv-errors@1.0.1","MIT","https://github.com/epoberezkin/ajv-errors"
"ajv-keywords@3.5.2","MIT","https://github.com/epoberezkin/ajv-keywords"
"ajv@6.12.2","MIT","https://github.com/epoberezkin/ajv"
"ajv@6.12.6","MIT","https://github.com/ajv-validator/ajv"
"alphanum-sort@1.0.2","MIT","https://github.com/TrySound/alphanum-sort"
"amdefine@1.0.1","BSD-3-Clause OR MIT","https://github.com/jrburke/amdefine"
"ansi-colors@3.2.3","MIT","https://github.com/doowb/ansi-colors"
"ansi-colors@4.1.1","MIT","https://github.com/doowb/ansi-colors"
"ansi-escapes@4.3.1","MIT","https://github.com/sindresorhus/ansi-escapes"
"ansi-html@0.0.7","Apache-2.0","https://github.com/Tjatse/ansi-html"
"ansi-regex@2.1.1","MIT","https://github.com/chalk/ansi-regex"
"ansi-regex@3.0.0","MIT","https://github.com/chalk/ansi-regex"
"ansi-regex@4.1.0","MIT","https://github.com/chalk/ansi-regex"
"ansi-regex@5.0.0","MIT","https://github.com/chalk/ansi-regex"
"ansi-styles@2.2.1","MIT","https://github.com/chalk/ansi-styles"
"ansi-styles@3.2.1","MIT","https://github.com/chalk/ansi-styles"
"ansi-styles@4.3.0","MIT","https://github.com/chalk/ansi-styles"
"any-promise@1.3.0","MIT","https://github.com/kevinbeaty/any-promise"
"anymatch@2.0.0","ISC","https://github.com/micromatch/anymatch"
"anymatch@3.1.1","ISC","https://github.com/micromatch/anymatch"
"aproba@1.2.0","ISC","https://github.com/iarna/aproba"
"arch@2.1.2","MIT","https://github.com/feross/arch"
"are-we-there-yet@1.1.5","ISC","https://github.com/iarna/are-we-there-yet"
"argparse@1.0.10","MIT","https://github.com/nodeca/argparse"
"arr-diff@4.0.0","MIT","https://github.com/jonschlinkert/arr-diff"
"arr-flatten@1.1.0","MIT","https://github.com/jonschlinkert/arr-flatten"
"arr-union@3.1.0","MIT","https://github.com/jonschlinkert/arr-union"
"array-find-index@1.0.2","MIT","https://github.com/sindresorhus/array-find-index"
"array-flatten@1.1.1","MIT","https://github.com/blakeembrey/array-flatten"
"array-flatten@2.1.2","MIT","https://github.com/blakeembrey/array-flatten"
"array-union@1.0.2","MIT","https://github.com/sindresorhus/array-union"
"array-uniq@1.0.3","MIT","https://github.com/sindresorhus/array-uniq"
"array-unique@0.3.2","MIT","https://github.com/jonschlinkert/array-unique"
"asn1.js@5.4.1","MIT","https://github.com/indutny/asn1.js"
"asn1@0.2.4","MIT","https://github.com/joyent/node-asn1"
"assert-plus@1.0.0","MIT","https://github.com/mcavage/node-assert-plus"
"assert@1.5.0","MIT","https://github.com/browserify/commonjs-assert"
"assign-symbols@1.0.0","MIT","https://github.com/jonschlinkert/assign-symbols"
"astral-regex@1.0.0","MIT","https://github.com/kevva/astral-regex"
"astral-regex@2.0.0","MIT","https://github.com/kevva/astral-regex"
"async-each@1.0.3","MIT","https://github.com/paulmillr/async-each"
"async-foreach@0.1.3","MIT*","https://github.com/cowboy/javascript-sync-async-foreach"
"async-limiter@1.0.1","MIT","https://github.com/strml/async-limiter"
"async@2.6.3","MIT","https://github.com/caolan/async"
"asynckit@0.4.0","MIT","https://github.com/alexindigo/asynckit"
"atob@2.1.2","(MIT OR Apache-2.0)","git://git.coolaj86.com/coolaj86/atob.js"
"autoprefixer@9.8.6","MIT","https://github.com/postcss/autoprefixer"
"aws-sign2@0.7.0","Apache-2.0","https://github.com/mikeal/aws-sign"
"aws4@1.10.0","MIT","https://github.com/mhart/aws4"
"axios@0.21.0","MIT","https://github.com/axios/axios"
"babel-core@7.0.0-bridge.0","MIT",""
"babel-eslint@10.1.0","MIT","https://github.com/babel/babel-eslint"
"babel-extract-comments@1.0.0","MIT","https://github.com/jonschlinkert/babel-extract-comments"
"babel-loader@8.1.0","MIT","https://github.com/babel/babel-loader"
"babel-plugin-dynamic-import-node@2.3.3","MIT","https://github.com/airbnb/babel-plugin-dynamic-import-node"
"babel-plugin-syntax-object-rest-spread@6.13.0","MIT","https://github.com/babel/babel/tree/master/packages/babel-plugin-syntax-object-rest-spread"
"babel-plugin-transform-object-rest-spread@6.26.0","MIT","https://github.com/babel/babel/tree/master/packages/babel-plugin-transform-object-rest-spread"
"babel-runtime@6.26.0","MIT","https://github.com/babel/babel/tree/master/packages/babel-runtime"
"babylon@6.18.0","MIT","https://github.com/babel/babylon"
"balanced-match@1.0.0","MIT","https://github.com/juliangruber/balanced-match"
"base64-js@1.3.1","MIT","https://github.com/beatgammit/base64-js"
"base@0.11.2","MIT","https://github.com/node-base/base"
"batch@0.6.1","MIT","https://github.com/visionmedia/batch"
"bcrypt-pbkdf@1.0.2","BSD-3-Clause","https://github.com/joyent/node-bcrypt-pbkdf"
"bfj@6.1.2","MIT","git+https://gitlab.com/philbooth/bfj"
"big.js@3.2.0","MIT","https://github.com/MikeMcl/big.js"
"big.js@5.2.2","MIT","https://github.com/MikeMcl/big.js"
"binary-extensions@1.13.1","MIT","https://github.com/sindresorhus/binary-extensions"
"binary-extensions@2.1.0","MIT","https://github.com/sindresorhus/binary-extensions"
"block-stream@0.0.9","ISC","https://github.com/isaacs/block-stream"
"bluebird@3.7.2","MIT","https://github.com/petkaantonov/bluebird"
"bn.js@4.11.9","MIT","https://github.com/indutny/bn.js"
"bn.js@5.1.3","MIT","https://github.com/indutny/bn.js"
"body-parser@1.19.0","MIT","https://github.com/expressjs/body-parser"
"bonjour@3.5.0","MIT","https://github.com/watson/bonjour"
"boolbase@1.0.0","ISC","https://github.com/fb55/boolbase"
"brace-expansion@1.1.11","MIT","https://github.com/juliangruber/brace-expansion"
"braces@2.3.2","MIT","https://github.com/micromatch/braces"
"braces@3.0.2","MIT","https://github.com/micromatch/braces"
"brorand@1.1.0","MIT","https://github.com/indutny/brorand"
"browserify-aes@1.2.0","MIT","https://github.com/crypto-browserify/browserify-aes"
"browserify-cipher@1.0.1","MIT","https://github.com/crypto-browserify/browserify-cipher"
"browserify-des@1.0.2","MIT","https://github.com/crypto-browserify/browserify-des"
"browserify-rsa@4.0.1","MIT","https://github.com/crypto-browserify/browserify-rsa"
"browserify-sign@4.2.1","ISC","https://github.com/crypto-browserify/browserify-sign"
"browserify-zlib@0.2.0","MIT","https://github.com/devongovett/browserify-zlib"
"browserslist@4.14.5","MIT","https://github.com/browserslist/browserslist"
"buffer-from@1.1.1","MIT","https://github.com/LinusU/buffer-from"
"buffer-indexof@1.1.1","MIT","https://github.com/soldair/node-buffer-indexof"
"buffer-json@2.0.0","MIT","https://github.com/jprichardson/buffer-json"
"buffer-xor@1.0.3","MIT","https://github.com/crypto-browserify/buffer-xor"
"buffer@4.9.2","MIT","https://github.com/feross/buffer"
"builtin-status-codes@3.0.0","MIT","https://github.com/bendrucker/builtin-status-codes"
"bytes@3.0.0","MIT","https://github.com/visionmedia/bytes.js"
"bytes@3.1.0","MIT","https://github.com/visionmedia/bytes.js"
"cacache@12.0.4","ISC","https://github.com/npm/cacache"
"cacache@13.0.1","ISC","https://github.com/npm/cacache"
"cache-base@1.0.1","MIT","https://github.com/jonschlinkert/cache-base"
"cache-loader@4.1.0","MIT","https://github.com/webpack-contrib/cache-loader"
"call-me-maybe@1.0.1","MIT","https://github.com/limulus/call-me-maybe"
"caller-callsite@2.0.0","MIT","https://github.com/sindresorhus/caller-callsite"
"caller-path@2.0.0","MIT","https://github.com/sindresorhus/caller-path"
"callsites@2.0.0","MIT","https://github.com/sindresorhus/callsites"
"callsites@3.1.0","MIT","https://github.com/sindresorhus/callsites"
"camel-case@3.0.0","MIT","https://github.com/blakeembrey/camel-case"
"camelcase-keys@2.1.0","MIT","https://github.com/sindresorhus/camelcase-keys"
"camelcase@2.1.1","MIT","https://github.com/sindresorhus/camelcase"
"camelcase@5.3.1","MIT","https://github.com/sindresorhus/camelcase"
"camelcase@6.1.0","MIT","https://github.com/sindresorhus/camelcase"
"caniuse-api@3.0.0","MIT","https://github.com/nyalab/caniuse-api"
"caniuse-lite@1.0.30001150","CC-BY-4.0","https://github.com/ben-eb/caniuse-lite"
"case-sensitive-paths-webpack-plugin@2.3.0","MIT","https://github.com/Urthen/case-sensitive-paths-webpack-plugin"
"caseless@0.12.0","Apache-2.0","https://github.com/mikeal/caseless"
"chalk@1.1.3","MIT","https://github.com/chalk/chalk"
"chalk@2.4.2","MIT","https://github.com/chalk/chalk"
"chalk@3.0.0","MIT","https://github.com/chalk/chalk"
"chalk@4.1.0","MIT","https://github.com/chalk/chalk"
"chardet@0.7.0","MIT","https://github.com/runk/node-chardet"
"check-types@8.0.3","MIT","git+https://gitlab.com/philbooth/check-types.js"
"chokidar@2.1.8","MIT","https://github.com/paulmillr/chokidar"
"chokidar@3.4.3","MIT","https://github.com/paulmillr/chokidar"
"chownr@1.1.4","ISC","https://github.com/isaacs/chownr"
"chrome-trace-event@1.0.2","MIT","github.com:samccone/chrome-trace-event"
"ci-info@1.6.0","MIT","https://github.com/watson/ci-info"
"cipher-base@1.0.4","MIT","https://github.com/crypto-browserify/cipher-base"
"class-utils@0.3.6","MIT","https://github.com/jonschlinkert/class-utils"
"clean-css@4.2.3","MIT","https://github.com/jakubpawlowicz/clean-css"
"clean-stack@2.2.0","MIT","https://github.com/sindresorhus/clean-stack"
"cli-cursor@2.1.0","MIT","https://github.com/sindresorhus/cli-cursor"
"cli-cursor@3.1.0","MIT","https://github.com/sindresorhus/cli-cursor"
"cli-highlight@2.1.4","ISC","https://github.com/felixfbecker/cli-highlight"
"cli-spinners@2.5.0","MIT","https://github.com/sindresorhus/cli-spinners"
"cli-truncate@2.1.0","MIT","https://github.com/sindresorhus/cli-truncate"
"cli-width@3.0.0","ISC","https://github.com/knownasilya/cli-width"
"clipboardy@2.3.0","MIT","https://github.com/sindresorhus/clipboardy"
"cliui@5.0.0","ISC","https://github.com/yargs/cliui"
"cliui@6.0.0","ISC","https://github.com/yargs/cliui"
"clone@1.0.4","MIT","https://github.com/pvorb/node-clone"
"coa@2.0.2","MIT","https://github.com/veged/coa"
"code-point-at@1.1.0","MIT","https://github.com/sindresorhus/code-point-at"
"collection-visit@1.0.0","MIT","https://github.com/jonschlinkert/collection-visit"
"color-convert@1.9.3","MIT","https://github.com/Qix-/color-convert"
"color-convert@2.0.1","MIT","https://github.com/Qix-/color-convert"
"color-name@1.1.3","MIT","https://github.com/dfcreative/color-name"
"color-name@1.1.4","MIT","https://github.com/colorjs/color-name"
"color-string@1.5.4","MIT","https://github.com/Qix-/color-string"
"color@3.1.3","MIT","https://github.com/Qix-/color"
"colorette@1.2.1","MIT","https://github.com/jorgebucaran/colorette"
"combined-stream@1.0.8","MIT","https://github.com/felixge/node-combined-stream"
"commander@2.17.1","MIT","https://github.com/tj/commander.js"
"commander@2.19.0","MIT","https://github.com/tj/commander.js"
"commander@2.20.3","MIT","https://github.com/tj/commander.js"
"commander@6.2.0","MIT","https://github.com/tj/commander.js"
"common-tags@1.8.0","MIT","https://github.com/declandewet/common-tags"
"commondir@1.0.1","MIT","https://github.com/substack/node-commondir"
"component-emitter@1.3.0","MIT","https://github.com/component/emitter"
"compressible@2.0.18","MIT","https://github.com/jshttp/compressible"
"compression@1.7.4","MIT","https://github.com/expressjs/compression"
"concat-map@0.0.1","MIT","https://github.com/substack/node-concat-map"
"concat-stream@1.6.2","MIT","https://github.com/maxogden/concat-stream"
"connect-history-api-fallback@1.6.0","MIT","https://github.com/bripkens/connect-history-api-fallback"
"console-browserify@1.2.0","MIT","https://github.com/browserify/console-browserify"
"console-control-strings@1.1.0","ISC","https://github.com/iarna/console-control-strings"
"consolidate@0.15.1","MIT","https://github.com/tj/consolidate.js"
"constants-browserify@1.0.0","MIT","https://github.com/juliangruber/constants-browserify"
"content-disposition@0.5.3","MIT","https://github.com/jshttp/content-disposition"
"content-type@1.0.4","MIT","https://github.com/jshttp/content-type"
"convert-source-map@1.7.0","MIT","https://github.com/thlorenz/convert-source-map"
"cookie-signature@1.0.6","MIT","https://github.com/visionmedia/node-cookie-signature"
"cookie@0.4.0","MIT","https://github.com/jshttp/cookie"
"copy-concurrently@1.0.5","ISC","https://github.com/npm/copy-concurrently"
"copy-descriptor@0.1.1","MIT","https://github.com/jonschlinkert/copy-descriptor"
"copy-webpack-plugin@5.1.2","MIT","https://github.com/webpack-contrib/copy-webpack-plugin"
"core-js-compat@3.6.5","MIT","https://github.com/zloirock/core-js"
"core-js@2.6.11","MIT","https://github.com/zloirock/core-js"
"core-js@3.6.5","MIT","https://github.com/zloirock/core-js"
"core-util-is@1.0.2","MIT","https://github.com/isaacs/core-util-is"
"cosmiconfig@5.2.1","MIT","https://github.com/davidtheclark/cosmiconfig"
"cosmiconfig@7.0.0","MIT","https://github.com/davidtheclark/cosmiconfig"
"create-ecdh@4.0.4","MIT","https://github.com/crypto-browserify/createECDH"
"create-hash@1.2.0","MIT","https://github.com/crypto-browserify/createHash"
"create-hmac@1.1.7","MIT","https://github.com/crypto-browserify/createHmac"
"cross-env@7.0.2","MIT","https://github.com/kentcdodds/cross-env"
"cross-spawn@3.0.1","MIT","https://github.com/IndigoUnited/node-cross-spawn"
"cross-spawn@5.1.0","MIT","https://github.com/IndigoUnited/node-cross-spawn"
"cross-spawn@6.0.5","MIT","https://github.com/moxystudio/node-cross-spawn"
"cross-spawn@7.0.3","MIT","https://github.com/moxystudio/node-cross-spawn"
"crypto-browserify@3.12.0","MIT","https://github.com/crypto-browserify/crypto-browserify"
"css-color-names@0.0.4","MIT","https://github.com/bahamas10/css-color-names"
"css-declaration-sorter@4.0.1","MIT","https://github.com/Siilwyn/css-declaration-sorter"
"css-loader@3.6.0","MIT","https://github.com/webpack-contrib/css-loader"
"css-select-base-adapter@0.1.1","MIT","https://github.com/nrkn/css-select-base-adapter"
"css-select@1.2.0","BSD*","https://github.com/fb55/css-select"
"css-select@2.1.0","BSD-2-Clause","https://github.com/fb55/css-select"
"css-tree@1.0.0-alpha.37","MIT","https://github.com/csstree/csstree"
"css-tree@1.0.0-alpha.39","MIT","https://github.com/csstree/csstree"
"css-what@2.1.3","BSD-2-Clause","https://github.com/fb55/css-what"
"css-what@3.4.2","BSD-2-Clause","https://github.com/fb55/css-what"
"cssesc@3.0.0","MIT","https://github.com/mathiasbynens/cssesc"
"cssnano-preset-default@4.0.7","MIT","https://github.com/cssnano/cssnano"
"cssnano-util-get-arguments@4.0.0","MIT","https://github.com/cssnano/cssnano"
"cssnano-util-get-match@4.0.0","MIT","https://github.com/cssnano/cssnano"
"cssnano-util-raw-cache@4.0.1","MIT","https://github.com/cssnano/cssnano"
"cssnano-util-same-parent@4.0.1","MIT","https://github.com/cssnano/cssnano"
"cssnano@4.1.10","MIT","https://github.com/cssnano/cssnano"
"csso@4.0.3","MIT","https://github.com/css/csso"
"currently-unhandled@0.4.1","MIT","https://github.com/jamestalmage/currently-unhandled"
"cyclist@1.0.1","MIT","https://github.com/mafintosh/cyclist"
"dashdash@1.14.1","MIT","https://github.com/trentm/node-dashdash"
"de-indent@1.0.2","MIT","https://github.com/yyx990803/de-indent"
"debug@2.6.9","MIT","https://github.com/visionmedia/debug"
"debug@3.2.6","MIT","https://github.com/visionmedia/debug"
"debug@4.1.1","MIT","https://github.com/visionmedia/debug"
"decamelize@1.2.0","MIT","https://github.com/sindresorhus/decamelize"
"decode-uri-component@0.2.0","MIT","https://github.com/SamVerschueren/decode-uri-component"
"dedent@0.7.0","MIT","https://github.com/dmnd/dedent"
"deep-equal@1.1.1","MIT","https://github.com/substack/node-deep-equal"
"deep-is@0.1.3","MIT","https://github.com/thlorenz/deep-is"
"deepmerge@1.5.2","MIT","https://github.com/KyleAMathews/deepmerge"
"default-gateway@4.2.0","BSD-2-Clause","https://github.com/silverwind/default-gateway"
"default-gateway@5.0.5","BSD-2-Clause","https://github.com/silverwind/default-gateway"
"defaults@1.0.3","MIT","https://github.com/tmpvar/defaults"
"define-properties@1.1.3","MIT","https://github.com/ljharb/define-properties"
"define-property@0.2.5","MIT","https://github.com/jonschlinkert/define-property"
"define-property@1.0.0","MIT","https://github.com/jonschlinkert/define-property"
"define-property@2.0.2","MIT","https://github.com/jonschlinkert/define-property"
"del@4.1.1","MIT","https://github.com/sindresorhus/del"
"delayed-stream@1.0.0","MIT","https://github.com/felixge/node-delayed-stream"
"delegates@1.0.0","MIT","https://github.com/visionmedia/node-delegates"
"depd@1.1.2","MIT","https://github.com/dougwilson/nodejs-depd"
"des.js@1.0.1","MIT","https://github.com/indutny/des.js"
"destroy@1.0.4","MIT","https://github.com/stream-utils/destroy"
"detect-node@2.0.4","ISC","https://github.com/iliakan/detect-node"
"diffie-hellman@5.0.3","MIT","https://github.com/crypto-browserify/diffie-hellman"
"dir-glob@2.2.2","MIT","https://github.com/kevva/dir-glob"
"dns-equal@1.0.0","MIT","https://github.com/watson/dns-equal"
"dns-packet@1.3.1","MIT","https://github.com/mafintosh/dns-packet"
"dns-txt@2.0.2","MIT","https://github.com/watson/dns-txt"
"doctrine@3.0.0","Apache-2.0","https://github.com/eslint/doctrine"
"dom-converter@0.2.0","MIT","https://github.com/AriaMinaei/dom-converter"
"dom-serializer@0.2.2","MIT","https://github.com/cheeriojs/dom-renderer"
"domain-browser@1.2.0","MIT","https://github.com/bevry/domain-browser"
"domelementtype@1.3.1","BSD-2-Clause","https://github.com/fb55/domelementtype"
"domelementtype@2.0.2","BSD-2-Clause","https://github.com/fb55/domelementtype"
"domhandler@2.4.2","BSD-2-Clause","https://github.com/fb55/DomHandler"
"domutils@1.5.1","BSD*","https://github.com/FB55/domutils"
"domutils@1.7.0","BSD-2-Clause","https://github.com/FB55/domutils"
"dot-prop@5.3.0","MIT","https://github.com/sindresorhus/dot-prop"
"dotenv-expand@5.1.0","BSD-2-Clause",""
"dotenv@8.2.0","BSD-2-Clause","https://github.com/motdotla/dotenv"
"duplexer@0.1.2","MIT","https://github.com/Raynos/duplexer"
"duplexify@3.7.1","MIT","https://github.com/mafintosh/duplexify"
"easy-stack@1.0.0","Custom: http://npm-stat.com/charts.html","https://github.com/RIAEvangelist/easy-stack"
"ecc-jsbn@0.1.2","MIT","https://github.com/quartzjer/ecc-jsbn"
"ee-first@1.1.1","MIT","https://github.com/jonathanong/ee-first"
"ejs@2.7.4","Apache-2.0","https://github.com/mde/ejs"
"electron-to-chromium@1.3.582","ISC","https://github.com/kilian/electron-to-chromium"
"elliptic@6.5.3","MIT","https://github.com/indutny/elliptic"
"emoji-regex@7.0.3","MIT","https://github.com/mathiasbynens/emoji-regex"
"emoji-regex@8.0.0","MIT","https://github.com/mathiasbynens/emoji-regex"
"emojis-list@2.1.0","MIT","https://github.com/kikobeats/emojis-list"
"emojis-list@3.0.0","MIT","https://github.com/kikobeats/emojis-list"
"encodeurl@1.0.2","MIT","https://github.com/pillarjs/encodeurl"
"end-of-stream@1.4.4","MIT","https://github.com/mafintosh/end-of-stream"
"enhanced-resolve@4.3.0","MIT","https://github.com/webpack/enhanced-resolve"
"enquirer@2.3.6","MIT","https://github.com/enquirer/enquirer"
"entities@1.1.2","BSD-2-Clause","https://github.com/fb55/entities"
"entities@2.1.0","BSD-2-Clause","https://github.com/fb55/entities"
"errno@0.1.7","MIT","https://github.com/rvagg/node-errno"
"error-ex@1.3.2","MIT","https://github.com/qix-/node-error-ex"
"error-stack-parser@2.0.6","MIT","https://github.com/stacktracejs/error-stack-parser"
"es-abstract@1.17.7","MIT","https://github.com/ljharb/es-abstract"
"es-abstract@1.18.0-next.1","MIT","https://github.com/ljharb/es-abstract"
"es-to-primitive@1.2.1","MIT","https://github.com/ljharb/es-to-primitive"
"escalade@3.1.1","MIT","https://github.com/lukeed/escalade"
"escape-html@1.0.3","MIT","https://github.com/component/escape-html"
"escape-string-regexp@1.0.5","MIT","https://github.com/sindresorhus/escape-string-regexp"
"eslint-config-prettier@6.11.0","MIT","https://github.com/prettier/eslint-config-prettier"
"eslint-loader@2.2.1","MIT","https://github.com/webpack-contrib/eslint-loader"
"eslint-plugin-prettier@3.1.4","MIT","https://github.com/prettier/eslint-plugin-prettier"
"eslint-plugin-vue@7.1.0","MIT","https://github.com/vuejs/eslint-plugin-vue"
"eslint-scope@4.0.3","BSD-2-Clause","https://github.com/eslint/eslint-scope"
"eslint-scope@5.1.1","BSD-2-Clause","https://github.com/eslint/eslint-scope"
"eslint-utils@2.1.0","MIT","https://github.com/mysticatea/eslint-utils"
"eslint-visitor-keys@1.2.0","Apache-2.0","https://github.com/eslint/eslint-visitor-keys"
"eslint-visitor-keys@1.3.0","Apache-2.0","https://github.com/eslint/eslint-visitor-keys"
"eslint-visitor-keys@2.0.0","Apache-2.0","https://github.com/eslint/eslint-visitor-keys"
"eslint@7.12.1","MIT","https://github.com/eslint/eslint"
"espree@6.2.1","BSD-2-Clause","https://github.com/eslint/espree"
"espree@7.3.0","BSD-2-Clause","https://github.com/eslint/espree"
"esprima@4.0.1","BSD-2-Clause","https://github.com/jquery/esprima"
"esquery@1.3.1","BSD-3-Clause","https://github.com/estools/esquery"
"esrecurse@4.3.0","BSD-2-Clause","https://github.com/estools/esrecurse"
"estraverse@4.3.0","BSD-2-Clause","https://github.com/estools/estraverse"
"estraverse@5.2.0","BSD-2-Clause","https://github.com/estools/estraverse"
"esutils@2.0.3","BSD-2-Clause","https://github.com/estools/esutils"
"etag@1.8.1","MIT","https://github.com/jshttp/etag"
"event-pubsub@4.3.0","Unlicense","https://github.com/RIAEvangelist/event-pubsub"
"eventemitter3@4.0.7","MIT","https://github.com/primus/eventemitter3"
"events@3.2.0","MIT","https://github.com/Gozala/events"
"eventsource@1.0.7","MIT","https://github.com/EventSource/eventsource"
"evp_bytestokey@1.0.3","MIT","https://github.com/crypto-browserify/EVP_BytesToKey"
"execa@0.8.0","MIT","https://github.com/sindresorhus/execa"
"execa@1.0.0","MIT","https://github.com/sindresorhus/execa"
"execa@3.4.0","MIT","https://github.com/sindresorhus/execa"
"execa@4.0.3","MIT","https://github.com/sindresorhus/execa"
"expand-brackets@2.1.4","MIT","https://github.com/jonschlinkert/expand-brackets"
"express@4.17.1","MIT","https://github.com/expressjs/express"
"extend-shallow@2.0.1","MIT","https://github.com/jonschlinkert/extend-shallow"
"extend-shallow@3.0.2","MIT","https://github.com/jonschlinkert/extend-shallow"
"extend@3.0.2","MIT","https://github.com/justmoon/node-extend"
"external-editor@3.1.0","MIT","https://github.com/mrkmg/node-external-editor"
"extglob@2.0.4","MIT","https://github.com/micromatch/extglob"
"extsprintf@1.3.0","MIT","https://github.com/davepacheco/node-extsprintf"
"fast-deep-equal@3.1.1","MIT","https://github.com/epoberezkin/fast-deep-equal"
"fast-diff@1.2.0","Apache-2.0","https://github.com/jhchen/fast-diff"
"fast-glob@2.2.7","MIT","https://github.com/mrmlnc/fast-glob"
"fast-json-stable-stringify@2.1.0","MIT","https://github.com/epoberezkin/fast-json-stable-stringify"
"fast-levenshtein@2.0.6","MIT","https://github.com/hiddentao/fast-levenshtein"
"faye-websocket@0.10.0","MIT","https://github.com/faye/faye-websocket-node"
"faye-websocket@0.11.3","Apache-2.0","https://github.com/faye/faye-websocket-node"
"figgy-pudding@3.5.2","ISC","https://github.com/npm/figgy-pudding"
"figures@3.2.0","MIT","https://github.com/sindresorhus/figures"
"file-entry-cache@5.0.1","MIT","https://github.com/royriojas/file-entry-cache"
"file-loader@4.3.0","MIT","https://github.com/webpack-contrib/file-loader"
"file-saver@2.0.2","MIT","https://github.com/eligrey/FileSaver.js"
"filesize@3.6.1","BSD-3-Clause","https://github.com/avoidwork/filesize.js"
"fill-range@4.0.0","MIT","https://github.com/jonschlinkert/fill-range"
"fill-range@7.0.1","MIT","https://github.com/jonschlinkert/fill-range"
"finalhandler@1.1.2","MIT","https://github.com/pillarjs/finalhandler"
"find-cache-dir@0.1.1","MIT","https://github.com/jamestalmage/find-cache-dir"
"find-cache-dir@2.1.0","MIT","https://github.com/avajs/find-cache-dir"
"find-cache-dir@3.3.1","MIT","https://github.com/avajs/find-cache-dir"
"find-up@1.1.2","MIT","https://github.com/sindresorhus/find-up"
"find-up@3.0.0","MIT","https://github.com/sindresorhus/find-up"
"find-up@4.1.0","MIT","https://github.com/sindresorhus/find-up"
"flat-cache@2.0.1","MIT","https://github.com/royriojas/flat-cache"
"flatted@2.0.2","ISC","https://github.com/WebReflection/flatted"
"flush-write-stream@1.1.1","MIT","https://github.com/mafintosh/flush-write-stream"
"follow-redirects@1.13.0","MIT","https://github.com/follow-redirects/follow-redirects"
"for-in@1.0.2","MIT","https://github.com/jonschlinkert/for-in"
"forever-agent@0.6.1","Apache-2.0","https://github.com/mikeal/forever-agent"
"form-data@2.3.3","MIT","https://github.com/form-data/form-data"
"forwarded@0.1.2","MIT","https://github.com/jshttp/forwarded"
"fragment-cache@0.2.1","MIT","https://github.com/jonschlinkert/fragment-cache"
"fresh@0.5.2","MIT","https://github.com/jshttp/fresh"
"from2@2.3.0","MIT","https://github.com/hughsk/from2"
"fs-extra@4.0.3","MIT","https://github.com/jprichardson/node-fs-extra"
"fs-extra@7.0.1","MIT","https://github.com/jprichardson/node-fs-extra"
"fs-minipass@2.1.0","ISC","https://github.com/npm/fs-minipass"
"fs-write-stream-atomic@1.0.10","ISC","https://github.com/npm/fs-write-stream-atomic"
"fs.realpath@1.0.0","ISC","https://github.com/isaacs/fs.realpath"
"fstream@1.0.12","ISC","https://github.com/npm/fstream"
"function-bind@1.1.1","MIT","https://github.com/Raynos/function-bind"
"functional-red-black-tree@1.0.1","MIT","https://github.com/mikolalysenko/functional-red-black-tree"
"gauge@2.7.4","ISC","https://github.com/iarna/gauge"
"gaze@1.1.3","MIT","https://github.com/shama/gaze"
"gensync@1.0.0-beta.1","MIT",""
"get-caller-file@2.0.5","ISC","https://github.com/stefanpenner/get-caller-file"
"get-own-enumerable-property-symbols@3.0.2","ISC","https://github.com/mightyiam/get-own-enumerable-property-symbols"
"get-stdin@4.0.1","MIT","https://github.com/sindresorhus/get-stdin"
"get-stdin@6.0.0","MIT","https://github.com/sindresorhus/get-stdin"
"get-stream@3.0.0","MIT","https://github.com/sindresorhus/get-stream"
"get-stream@4.1.0","MIT","https://github.com/sindresorhus/get-stream"
"get-stream@5.2.0","MIT","https://github.com/sindresorhus/get-stream"
"get-value@2.0.6","MIT","https://github.com/jonschlinkert/get-value"
"getpass@0.1.7","MIT","https://github.com/arekinath/node-getpass"
"glob-parent@3.1.0","ISC","https://github.com/es128/glob-parent"
"glob-parent@5.1.1","ISC","https://github.com/gulpjs/glob-parent"
"glob-to-regexp@0.3.0","BSD*","https://github.com/fitzgen/glob-to-regexp"
"glob@7.1.6","ISC","https://github.com/isaacs/node-glob"
"globals@11.12.0","MIT","https://github.com/sindresorhus/globals"
"globals@12.4.0","MIT","https://github.com/sindresorhus/globals"
"globby@6.1.0","MIT","https://github.com/sindresorhus/globby"
"globby@7.1.1","MIT","https://github.com/sindresorhus/globby"
"globby@9.2.0","MIT","https://github.com/sindresorhus/globby"
"globule@1.3.1","MIT","https://github.com/cowboy/node-globule"
"graceful-fs@4.2.4","ISC","https://github.com/isaacs/node-graceful-fs"
"gzip-size@5.1.1","MIT","https://github.com/sindresorhus/gzip-size"
"handle-thing@2.0.1","MIT","https://github.com/indutny/handle-thing"
"har-schema@2.0.0","ISC","https://github.com/ahmadnassri/har-schema"
"har-validator@5.1.3","MIT","https://github.com/ahmadnassri/node-har-validator"
"has-ansi@2.0.0","MIT","https://github.com/sindresorhus/has-ansi"
"has-flag@3.0.0","MIT","https://github.com/sindresorhus/has-flag"
"has-flag@4.0.0","MIT","https://github.com/sindresorhus/has-flag"
"has-symbols@1.0.1","MIT","https://github.com/ljharb/has-symbols"
"has-unicode@2.0.1","ISC","https://github.com/iarna/has-unicode"
"has-value@0.3.1","MIT","https://github.com/jonschlinkert/has-value"
"has-value@1.0.0","MIT","https://github.com/jonschlinkert/has-value"
"has-values@0.1.4","MIT","https://github.com/jonschlinkert/has-values"
"has-values@1.0.0","MIT","https://github.com/jonschlinkert/has-values"
"has@1.0.3","MIT","https://github.com/tarruda/has"
"hash-base@3.1.0","MIT","https://github.com/crypto-browserify/hash-base"
"hash-sum@1.0.2","MIT","https://github.com/bevacqua/hash-sum"
"hash-sum@2.0.0","MIT","https://github.com/bevacqua/hash-sum"
"hash.js@1.1.7","MIT","https://github.com/indutny/hash.js"
"he@1.2.0","MIT","https://github.com/mathiasbynens/he"
"hex-color-regex@1.1.0","MIT","https://github.com/regexps/hex-color-regex"
"highlight.js@9.18.3","BSD-3-Clause","https://github.com/highlightjs/highlight.js"
"hmac-drbg@1.0.1","MIT","https://github.com/indutny/hmac-drbg"
"hoopy@0.1.4","MIT","git+https://gitlab.com/philbooth/hoopy"
"hosted-git-info@2.8.8","ISC","https://github.com/npm/hosted-git-info"
"hpack.js@2.1.6","MIT","https://github.com/indutny/hpack.js"
"hsl-regex@1.0.0","MIT","https://github.com/regexps/hsl-regex"
"hsla-regex@1.0.0","MIT","https://github.com/regexps/hsla-regex"
"html-comment-regex@1.1.2","MIT","https://github.com/stevemao/html-comment-regex"
"html-entities@1.3.1","MIT","https://github.com/mdevils/node-html-entities"
"html-minifier@3.5.21","MIT","https://github.com/kangax/html-minifier"
"html-tags@2.0.0","MIT","https://github.com/sindresorhus/html-tags"
"html-tags@3.1.0","MIT","https://github.com/sindresorhus/html-tags"
"html-webpack-plugin@3.2.0","MIT","https://github.com/jantimon/html-webpack-plugin"
"htmlparser2@3.10.1","MIT","https://github.com/fb55/htmlparser2"
"http-deceiver@1.2.7","MIT","https://github.com/indutny/http-deceiver"
"http-errors@1.6.3","MIT","https://github.com/jshttp/http-errors"
"http-errors@1.7.2","MIT","https://github.com/jshttp/http-errors"
"http-errors@1.7.3","MIT","https://github.com/jshttp/http-errors"
"http-proxy-middleware@0.19.1","MIT","https://github.com/chimurai/http-proxy-middleware"
"http-proxy@1.18.1","MIT","https://github.com/http-party/node-http-proxy"
"http-signature@1.2.0","MIT","https://github.com/joyent/node-http-signature"
"https-browserify@1.0.0","MIT","https://github.com/substack/https-browserify"
"human-signals@1.1.1","Apache-2.0","https://github.com/ehmicky/human-signals"
"iconv-lite@0.4.24","MIT","https://github.com/ashtuchkin/iconv-lite"
"icss-utils@4.1.1","ISC","https://github.com/css-modules/icss-utils"
"ieee754@1.1.13","BSD-3-Clause","https://github.com/feross/ieee754"
"iferr@0.1.5","MIT","https://github.com/shesek/iferr"
"ignore@3.3.10","MIT","https://github.com/kaelzhang/node-ignore"
"ignore@4.0.6","MIT","https://github.com/kaelzhang/node-ignore"
"import-cwd@2.1.0","MIT","https://github.com/sindresorhus/import-cwd"
"import-fresh@2.0.0","MIT","https://github.com/sindresorhus/import-fresh"
"import-fresh@3.2.1","MIT","https://github.com/sindresorhus/import-fresh"
"import-from@2.1.0","MIT","https://github.com/sindresorhus/import-from"
"import-local@2.0.0","MIT","https://github.com/sindresorhus/import-local"
"imurmurhash@0.1.4","MIT","https://github.com/jensyt/imurmurhash-js"
"in-publish@2.0.1","ISC","https://github.com/iarna/in-publish"
"indent-string@2.1.0","MIT","https://github.com/sindresorhus/indent-string"
"indent-string@4.0.0","MIT","https://github.com/sindresorhus/indent-string"
"indexes-of@1.0.1","MIT","https://github.com/dominictarr/indexes-of"
"infer-owner@1.0.4","ISC","https://github.com/npm/infer-owner"
"inflight@1.0.6","ISC","https://github.com/npm/inflight"
"inherits@2.0.1","ISC","https://github.com/isaacs/inherits"
"inherits@2.0.3","ISC","https://github.com/isaacs/inherits"
"inherits@2.0.4","ISC","https://github.com/isaacs/inherits"
"inquirer@7.3.3","MIT","https://github.com/SBoudrias/Inquirer.js"
"internal-ip@4.3.0","MIT","https://github.com/sindresorhus/internal-ip"
"ip-regex@2.1.0","MIT","https://github.com/sindresorhus/ip-regex"
"ip@1.1.5","MIT","https://github.com/indutny/node-ip"
"ipaddr.js@1.9.1","MIT","https://github.com/whitequark/ipaddr.js"
"is-absolute-url@2.1.0","MIT","https://github.com/sindresorhus/is-absolute-url"
"is-absolute-url@3.0.3","MIT","https://github.com/sindresorhus/is-absolute-url"
"is-accessor-descriptor@0.1.6","MIT","https://github.com/jonschlinkert/is-accessor-descriptor"
"is-accessor-descriptor@1.0.0","MIT","https://github.com/jonschlinkert/is-accessor-descriptor"
"is-arguments@1.0.4","MIT","https://github.com/ljharb/is-arguments"
"is-arrayish@0.2.1","MIT","https://github.com/qix-/node-is-arrayish"
"is-arrayish@0.3.2","MIT","https://github.com/qix-/node-is-arrayish"
"is-binary-path@1.0.1","MIT","https://github.com/sindresorhus/is-binary-path"
"is-binary-path@2.1.0","MIT","https://github.com/sindresorhus/is-binary-path"
"is-buffer@1.1.6","MIT","https://github.com/feross/is-buffer"
"is-callable@1.2.2","MIT","https://github.com/ljharb/is-callable"
"is-ci@1.2.1","MIT","https://github.com/watson/is-ci"
"is-color-stop@1.1.0","MIT","https://github.com/pigcan/is-color-stop"
"is-data-descriptor@0.1.4","MIT","https://github.com/jonschlinkert/is-data-descriptor"
"is-data-descriptor@1.0.0","MIT","https://github.com/jonschlinkert/is-data-descriptor"
"is-date-object@1.0.2","MIT","https://github.com/ljharb/is-date-object"
"is-descriptor@0.1.6","MIT","https://github.com/jonschlinkert/is-descriptor"
"is-descriptor@1.0.2","MIT","https://github.com/jonschlinkert/is-descriptor"
"is-directory@0.3.1","MIT","https://github.com/jonschlinkert/is-directory"
"is-docker@2.1.1","MIT","https://github.com/sindresorhus/is-docker"
"is-extendable@0.1.1","MIT","https://github.com/jonschlinkert/is-extendable"
"is-extendable@1.0.1","MIT","https://github.com/jonschlinkert/is-extendable"
"is-extglob@2.1.1","MIT","https://github.com/jonschlinkert/is-extglob"
"is-finite@1.1.0","MIT","https://github.com/sindresorhus/is-finite"
"is-fullwidth-code-point@1.0.0","MIT","https://github.com/sindresorhus/is-fullwidth-code-point"
"is-fullwidth-code-point@2.0.0","MIT","https://github.com/sindresorhus/is-fullwidth-code-point"
"is-fullwidth-code-point@3.0.0","MIT","https://github.com/sindresorhus/is-fullwidth-code-point"
"is-glob@3.1.0","MIT","https://github.com/jonschlinkert/is-glob"
"is-glob@4.0.1","MIT","https://github.com/micromatch/is-glob"
"is-negative-zero@2.0.0","MIT","https://github.com/ljharb/is-negative-zero"
"is-number@3.0.0","MIT","https://github.com/jonschlinkert/is-number"
"is-number@7.0.0","MIT","https://github.com/jonschlinkert/is-number"
"is-obj@1.0.1","MIT","https://github.com/sindresorhus/is-obj"
"is-obj@2.0.0","MIT","https://github.com/sindresorhus/is-obj"
"is-path-cwd@2.2.0","MIT","https://github.com/sindresorhus/is-path-cwd"
"is-path-in-cwd@2.1.0","MIT","https://github.com/sindresorhus/is-path-in-cwd"
"is-path-inside@2.1.0","MIT","https://github.com/sindresorhus/is-path-inside"
"is-plain-obj@1.1.0","MIT","https://github.com/sindresorhus/is-plain-obj"
"is-plain-object@2.0.4","MIT","https://github.com/jonschlinkert/is-plain-object"
"is-regex@1.1.1","MIT","https://github.com/ljharb/is-regex"
"is-regexp@1.0.0","MIT","https://github.com/sindresorhus/is-regexp"
"is-resolvable@1.1.0","ISC","https://github.com/shinnn/is-resolvable"
"is-stream@1.1.0","MIT","https://github.com/sindresorhus/is-stream"
"is-stream@2.0.0","MIT","https://github.com/sindresorhus/is-stream"
"is-svg@3.0.0","MIT","https://github.com/sindresorhus/is-svg"
"is-symbol@1.0.3","MIT","https://github.com/inspect-js/is-symbol"
"is-typedarray@1.0.0","MIT","https://github.com/hughsk/is-typedarray"
"is-utf8@0.2.1","MIT","https://github.com/wayfind/is-utf8"
"is-windows@1.0.2","MIT","https://github.com/jonschlinkert/is-windows"
"is-wsl@1.1.0","MIT","https://github.com/sindresorhus/is-wsl"
"is-wsl@2.2.0","MIT","https://github.com/sindresorhus/is-wsl"
"isarray@1.0.0","MIT","https://github.com/juliangruber/isarray"
"isexe@2.0.0","ISC","https://github.com/isaacs/isexe"
"isobject@2.1.0","MIT","https://github.com/jonschlinkert/isobject"
"isobject@3.0.1","MIT","https://github.com/jonschlinkert/isobject"
"isstream@0.1.2","MIT","https://github.com/rvagg/isstream"
"javascript-stringify@2.0.1","MIT","https://github.com/blakeembrey/javascript-stringify"
"jest-worker@25.5.0","MIT","https://github.com/facebook/jest"
"js-base64@2.5.2","BSD-3-Clause","https://github.com/dankogai/js-base64"
"js-message@1.0.5","Custom: http://npm-stat.com/charts.html","https://github.com/RIAEvangelist/js-message"
"js-queue@2.0.0","Custom: https://github.com/RIAEvangelist/easy-stack","https://github.com/RIAEvangelist/js-queue"
"js-tokens@4.0.0","MIT","https://github.com/lydell/js-tokens"
"js-yaml@3.13.1","MIT","https://github.com/nodeca/js-yaml"
"jsbn@0.1.1","MIT","https://github.com/andyperlitch/jsbn"
"jsesc@0.5.0","MIT","https://github.com/mathiasbynens/jsesc"
"jsesc@2.5.2","MIT","https://github.com/mathiasbynens/jsesc"
"json-parse-better-errors@1.0.2","MIT","https://github.com/zkat/json-parse-better-errors"
"json-parse-even-better-errors@2.3.1","MIT","https://github.com/npm/json-parse-even-better-errors"
"json-schema-traverse@0.4.1","MIT","https://github.com/epoberezkin/json-schema-traverse"
"json-schema@0.2.3","AFLv2.1,BSD","https://github.com/kriszyp/json-schema"
"json-stable-stringify-without-jsonify@1.0.1","MIT","https://github.com/samn/json-stable-stringify"
"json-stable-stringify@1.0.1","MIT","https://github.com/substack/json-stable-stringify"
"json-stringify-safe@5.0.1","ISC","https://github.com/isaacs/json-stringify-safe"
"json3@3.3.3","MIT","https://github.com/bestiejs/json3"
"json5@0.5.1","MIT","https://github.com/aseemk/json5"
"json5@1.0.1","MIT","https://github.com/json5/json5"
"json5@2.1.3","MIT","https://github.com/json5/json5"
"jsonfile@4.0.0","MIT","https://github.com/jprichardson/node-jsonfile"
"jsonify@0.0.0","Public Domain","https://github.com/substack/jsonify"
"jsprim@1.4.1","MIT","https://github.com/joyent/node-jsprim"
"killable@1.0.1","ISC","https://github.com/marten-de-vries/killable"
"kind-of@3.2.2","MIT","https://github.com/jonschlinkert/kind-of"
"kind-of@4.0.0","MIT","https://github.com/jonschlinkert/kind-of"
"kind-of@5.1.0","MIT","https://github.com/jonschlinkert/kind-of"
"kind-of@6.0.3","MIT","https://github.com/jonschlinkert/kind-of"
"klona@2.0.4","MIT","https://github.com/lukeed/klona"
"launch-editor-middleware@2.2.1","MIT","https://github.com/yyx990803/launch-editor"
"launch-editor@2.2.1","MIT","https://github.com/yyx990803/launch-editor"
"levn@0.4.1","MIT","https://github.com/gkz/levn"
"lines-and-columns@1.1.6","MIT","https://github.com/eventualbuddha/lines-and-columns"
"lint-staged@10.5.0","MIT","https://github.com/okonet/lint-staged"
"listr2@2.6.2","MIT","https://github.com/cenk1cenk2/listr2"
"load-json-file@1.1.0","MIT","https://github.com/sindresorhus/load-json-file"
"loader-fs-cache@1.0.3","MIT","https://github.com/viankakrisna/loader-fs-cache"
"loader-runner@2.4.0","MIT","https://github.com/webpack/loader-runner"
"loader-utils@0.2.17","MIT","https://github.com/webpack/loader-utils"
"loader-utils@1.4.0","MIT","https://github.com/webpack/loader-utils"
"loader-utils@2.0.0","MIT","https://github.com/webpack/loader-utils"
"locate-path@3.0.0","MIT","https://github.com/sindresorhus/locate-path"
"locate-path@5.0.0","MIT","https://github.com/sindresorhus/locate-path"
"lodash._reinterpolate@3.0.0","MIT","https://github.com/lodash/lodash"
"lodash.defaultsdeep@4.6.1","MIT","https://github.com/lodash/lodash"
"lodash.kebabcase@4.1.1","MIT","https://github.com/lodash/lodash"
"lodash.mapvalues@4.6.0","MIT","https://github.com/lodash/lodash"
"lodash.memoize@4.1.2","MIT","https://github.com/lodash/lodash"
"lodash.template@4.5.0","MIT","https://github.com/lodash/lodash"
"lodash.templatesettings@4.2.0","MIT","https://github.com/lodash/lodash"
"lodash.transform@4.6.0","MIT","https://github.com/lodash/lodash"
"lodash.uniq@4.5.0","MIT","https://github.com/lodash/lodash"
"lodash@4.17.15","MIT","https://github.com/lodash/lodash"
"lodash@4.17.20","MIT","https://github.com/lodash/lodash"
"log-symbols@2.2.0","MIT","https://github.com/sindresorhus/log-symbols"
"log-symbols@4.0.0","MIT","https://github.com/sindresorhus/log-symbols"
"log-update@4.0.0","MIT","https://github.com/sindresorhus/log-update"
"loglevel@1.7.0","MIT","https://github.com/pimterry/loglevel"
"loud-rejection@1.6.0","MIT","https://github.com/sindresorhus/loud-rejection"
"lower-case@1.1.4","MIT","https://github.com/blakeembrey/lower-case"
"lru-cache@4.1.5","ISC","https://github.com/isaacs/node-lru-cache"
"lru-cache@5.1.1","ISC","https://github.com/isaacs/node-lru-cache"
"make-dir@2.1.0","MIT","https://github.com/sindresorhus/make-dir"
"make-dir@3.1.0","MIT","https://github.com/sindresorhus/make-dir"
"map-cache@0.2.2","MIT","https://github.com/jonschlinkert/map-cache"
"map-obj@1.0.1","MIT","https://github.com/sindresorhus/map-obj"
"map-visit@1.0.0","MIT","https://github.com/jonschlinkert/map-visit"
"md5.js@1.3.5","MIT","https://github.com/crypto-browserify/md5.js"
"mdn-data@2.0.4","CC0-1.0","https://github.com/mdn/data"
"mdn-data@2.0.6","CC0-1.0","https://github.com/mdn/data"
"media-typer@0.3.0","MIT","https://github.com/jshttp/media-typer"
"memory-fs@0.4.1","MIT","https://github.com/webpack/memory-fs"
"memory-fs@0.5.0","MIT","https://github.com/webpack/memory-fs"
"meow@3.7.0","MIT","https://github.com/sindresorhus/meow"
"merge-descriptors@1.0.1","MIT","https://github.com/component/merge-descriptors"
"merge-source-map@1.1.0","MIT","https://github.com/keik/merge-source-map"
"merge-stream@2.0.0","MIT","https://github.com/grncdr/merge-stream"
"merge2@1.4.1","MIT","https://github.com/teambition/merge2"
"methods@1.1.2","MIT","https://github.com/jshttp/methods"
"micromatch@3.1.10","MIT","https://github.com/micromatch/micromatch"
"micromatch@4.0.2","MIT","https://github.com/micromatch/micromatch"
"miller-rabin@4.0.1","MIT","https://github.com/indutny/miller-rabin"
"mime-db@1.44.0","MIT","https://github.com/jshttp/mime-db"
"mime-types@2.1.27","MIT","https://github.com/jshttp/mime-types"
"mime@1.6.0","MIT","https://github.com/broofa/node-mime"
"mime@2.4.6","MIT","https://github.com/broofa/mime"
"mimic-fn@1.2.0","MIT","https://github.com/sindresorhus/mimic-fn"
"mimic-fn@2.1.0","MIT","https://github.com/sindresorhus/mimic-fn"
"mini-css-extract-plugin@0.9.0","MIT","https://github.com/webpack-contrib/mini-css-extract-plugin"
"minimalistic-assert@1.0.1","ISC","https://github.com/calvinmetcalf/minimalistic-assert"
"minimalistic-crypto-utils@1.0.1","MIT","https://github.com/indutny/minimalistic-crypto-utils"
"minimatch@3.0.4","ISC","https://github.com/isaacs/minimatch"
"minimist@1.2.5","MIT","https://github.com/substack/minimist"
"minipass-collect@1.0.2","ISC",""
"minipass-flush@1.0.5","ISC","https://github.com/isaacs/minipass-flush"
"minipass-pipeline@1.2.4","ISC",""
"minipass@3.1.3","ISC","https://github.com/isaacs/minipass"
"mississippi@3.0.0","BSD-2-Clause","https://github.com/maxogden/mississippi"
"mixin-deep@1.3.2","MIT","https://github.com/jonschlinkert/mixin-deep"
"mkdirp@0.5.5","MIT","https://github.com/substack/node-mkdirp"
"moment-timezone@0.5.31","MIT","https://github.com/moment/moment-timezone"
"moment@2.27.0","MIT","https://github.com/moment/moment"
"move-concurrently@1.0.1","ISC","https://github.com/npm/move-concurrently"
"ms@2.0.0","MIT","https://github.com/zeit/ms"
"ms@2.1.1","MIT","https://github.com/zeit/ms"
"ms@2.1.2","MIT","https://github.com/zeit/ms"
"multicast-dns-service-types@1.1.0","MIT","https://github.com/mafintosh/multicast-dns-service-types"
"multicast-dns@6.2.3","MIT","https://github.com/mafintosh/multicast-dns"
"mute-stream@0.0.8","ISC","https://github.com/isaacs/mute-stream"
"mz@2.7.0","MIT","https://github.com/normalize/mz"
"nan@2.14.1","MIT","https://github.com/nodejs/nan"
"nanomatch@1.2.13","MIT","https://github.com/micromatch/nanomatch"
"natural-compare@1.4.0","MIT","https://github.com/litejs/natural-compare-lite"
"negotiator@0.6.2","MIT","https://github.com/jshttp/negotiator"
"neo-async@2.6.2","MIT","https://github.com/suguru03/neo-async"
"nice-try@1.0.5","MIT","https://github.com/electerious/nice-try"
"no-case@2.3.2","MIT","https://github.com/blakeembrey/no-case"
"node-forge@0.10.0","(BSD-3-Clause OR GPL-2.0)","https://github.com/digitalbazaar/forge"
"node-gyp@3.8.0","MIT","https://github.com/nodejs/node-gyp"
"node-ipc@9.1.1","Custom: http://npm-stat.com/charts.html","https://github.com/RIAEvangelist/node-ipc"
"node-libs-browser@2.2.1","MIT","https://github.com/webpack/node-libs-browser"
"node-releases@1.1.64","MIT","https://github.com/chicoxyzzy/node-releases"
"node-sass@4.14.1","MIT","https://github.com/sass/node-sass"
"nopt@3.0.6","ISC","https://github.com/npm/nopt"
"normalize-package-data@2.5.0","BSD-2-Clause","https://github.com/npm/normalize-package-data"
"normalize-path@1.0.0","MIT","https://github.com/jonschlinkert/normalize-path"
"normalize-path@2.1.1","MIT","https://github.com/jonschlinkert/normalize-path"
"normalize-path@3.0.0","MIT","https://github.com/jonschlinkert/normalize-path"
"normalize-range@0.1.2","MIT","https://github.com/jamestalmage/normalize-range"
"normalize-url@1.9.1","MIT","https://github.com/sindresorhus/normalize-url"
"normalize-url@3.3.0","MIT","https://github.com/sindresorhus/normalize-url"
"npm-run-path@2.0.2","MIT","https://github.com/sindresorhus/npm-run-path"
"npm-run-path@4.0.1","MIT","https://github.com/sindresorhus/npm-run-path"
"npmlog@4.1.2","ISC","https://github.com/npm/npmlog"
"nth-check@1.0.2","BSD-2-Clause","https://github.com/fb55/nth-check"
"num2fraction@1.2.2","MIT","https://github.com/yisibl/num2fraction"
"number-is-nan@1.0.1","MIT","https://github.com/sindresorhus/number-is-nan"
"oauth-sign@0.9.0","Apache-2.0","https://github.com/mikeal/oauth-sign"
"object-assign@4.1.1","MIT","https://github.com/sindresorhus/object-assign"
"object-copy@0.1.0","MIT","https://github.com/jonschlinkert/object-copy"
"object-hash@1.3.1","MIT","https://github.com/puleos/object-hash"
"object-inspect@1.8.0","MIT","https://github.com/inspect-js/object-inspect"
"object-is@1.1.3","MIT","https://github.com/es-shims/object-is"
"object-keys@1.1.1","MIT","https://github.com/ljharb/object-keys"
"object-visit@1.0.1","MIT","https://github.com/jonschlinkert/object-visit"
"object.assign@4.1.1","MIT","https://github.com/ljharb/object.assign"
"object.getownpropertydescriptors@2.1.0","MIT","https://github.com/es-shims/object.getownpropertydescriptors"
"object.pick@1.3.0","MIT","https://github.com/jonschlinkert/object.pick"
"object.values@1.1.1","MIT","https://github.com/es-shims/Object.values"
"obuf@1.1.2","MIT","https://github.com/indutny/offset-buffer"
"on-finished@2.3.0","MIT","https://github.com/jshttp/on-finished"
"on-headers@1.0.2","MIT","https://github.com/jshttp/on-headers"
"once@1.4.0","ISC","https://github.com/isaacs/once"
"onetime@2.0.1","MIT","https://github.com/sindresorhus/onetime"
"onetime@5.1.2","MIT","https://github.com/sindresorhus/onetime"
"open@6.4.0","MIT","https://github.com/sindresorhus/open"
"opener@1.5.2","(WTFPL OR MIT)","https://github.com/domenic/opener"
"opn@5.5.0","MIT","https://github.com/sindresorhus/opn"
"optionator@0.9.1","MIT","https://github.com/gkz/optionator"
"ora@3.4.0","MIT","https://github.com/sindresorhus/ora"
"original@1.0.2","MIT","https://github.com/unshiftio/original"
"os-browserify@0.3.0","MIT","https://github.com/CoderPuppy/os-browserify"
"os-homedir@1.0.2","MIT","https://github.com/sindresorhus/os-homedir"
"os-tmpdir@1.0.2","MIT","https://github.com/sindresorhus/os-tmpdir"
"osenv@0.1.5","ISC","https://github.com/npm/osenv"
"p-finally@1.0.0","MIT","https://github.com/sindresorhus/p-finally"
"p-finally@2.0.1","MIT","https://github.com/sindresorhus/p-finally"
"p-limit@2.3.0","MIT","https://github.com/sindresorhus/p-limit"
"p-locate@3.0.0","MIT","https://github.com/sindresorhus/p-locate"
"p-locate@4.1.0","MIT","https://github.com/sindresorhus/p-locate"
"p-map@2.1.0","MIT","https://github.com/sindresorhus/p-map"
"p-map@3.0.0","MIT","https://github.com/sindresorhus/p-map"
"p-map@4.0.0","MIT","https://github.com/sindresorhus/p-map"
"p-retry@3.0.1","MIT","https://github.com/sindresorhus/p-retry"
"p-try@2.2.0","MIT","https://github.com/sindresorhus/p-try"
"pako@1.0.11","(MIT AND Zlib)","https://github.com/nodeca/pako"
"parallel-transform@1.2.0","MIT","https://github.com/mafintosh/parallel-transform"
"param-case@2.1.1","MIT","https://github.com/blakeembrey/param-case"
"parent-module@1.0.1","MIT","https://github.com/sindresorhus/parent-module"
"parse-asn1@5.1.6","ISC","https://github.com/crypto-browserify/parse-asn1"
"parse-json@2.2.0","MIT","https://github.com/sindresorhus/parse-json"
"parse-json@4.0.0","MIT","https://github.com/sindresorhus/parse-json"
"parse-json@5.1.0","MIT","https://github.com/sindresorhus/parse-json"
"parse5-htmlparser2-tree-adapter@5.1.1","MIT","https://github.com/inikulin/parse5"
"parse5@5.1.1","MIT","https://github.com/inikulin/parse5"
"parseurl@1.3.3","MIT","https://github.com/pillarjs/parseurl"
"pascalcase@0.1.1","MIT","https://github.com/jonschlinkert/pascalcase"
"path-browserify@0.0.1","MIT","https://github.com/substack/path-browserify"
"path-dirname@1.0.2","MIT","https://github.com/es128/path-dirname"
"path-exists@2.1.0","MIT","https://github.com/sindresorhus/path-exists"
"path-exists@3.0.0","MIT","https://github.com/sindresorhus/path-exists"
"path-exists@4.0.0","MIT","https://github.com/sindresorhus/path-exists"
"path-is-absolute@1.0.1","MIT","https://github.com/sindresorhus/path-is-absolute"
"path-is-inside@1.0.2","(WTFPL OR MIT)","https://github.com/domenic/path-is-inside"
"path-key@2.0.1","MIT","https://github.com/sindresorhus/path-key"
"path-key@3.1.1","MIT","https://github.com/sindresorhus/path-key"
"path-parse@1.0.6","MIT","https://github.com/jbgutierrez/path-parse"
"path-to-regexp@0.1.7","MIT","https://github.com/component/path-to-regexp"
"path-type@1.1.0","MIT","https://github.com/sindresorhus/path-type"
"path-type@3.0.0","MIT","https://github.com/sindresorhus/path-type"
"path-type@4.0.0","MIT","https://github.com/sindresorhus/path-type"
"pbkdf2@3.1.1","MIT","https://github.com/crypto-browserify/pbkdf2"
"performance-now@2.1.0","MIT","https://github.com/braveg1rl/performance-now"
"picomatch@2.2.2","MIT","https://github.com/micromatch/picomatch"
"pify@2.3.0","MIT","https://github.com/sindresorhus/pify"
"pify@3.0.0","MIT","https://github.com/sindresorhus/pify"
"pify@4.0.1","MIT","https://github.com/sindresorhus/pify"
"pinkie-promise@2.0.1","MIT","https://github.com/floatdrop/pinkie-promise"
"pinkie@2.0.4","MIT","https://github.com/floatdrop/pinkie"
"pkg-dir@1.0.0","MIT","https://github.com/sindresorhus/pkg-dir"
"pkg-dir@3.0.0","MIT","https://github.com/sindresorhus/pkg-dir"
"pkg-dir@4.2.0","MIT","https://github.com/sindresorhus/pkg-dir"
"please-upgrade-node@3.2.0","MIT","https://github.com/typicode/please-upgrade-node"
"pnp-webpack-plugin@1.6.4","MIT","https://github.com/arcanis/pnp-webpack-plugin"
"portfinder@1.0.28","MIT","https://github.com/http-party/node-portfinder"
"posix-character-classes@0.1.1","MIT","https://github.com/jonschlinkert/posix-character-classes"
"postcss-calc@7.0.5","MIT","https://github.com/postcss/postcss-calc"
"postcss-colormin@4.0.3","MIT","https://github.com/cssnano/cssnano"
"postcss-convert-values@4.0.1","MIT","https://github.com/cssnano/cssnano"
"postcss-discard-comments@4.0.2","MIT","https://github.com/cssnano/cssnano"
"postcss-discard-duplicates@4.0.2","MIT","https://github.com/cssnano/cssnano"
"postcss-discard-empty@4.0.1","MIT","https://github.com/cssnano/cssnano"
"postcss-discard-overridden@4.0.1","MIT","https://github.com/cssnano/cssnano"
"postcss-load-config@2.1.2","MIT","https://github.com/postcss/postcss-load-config"
"postcss-loader@3.0.0","MIT","https://github.com/postcss/postcss-loader"
"postcss-merge-longhand@4.0.11","MIT","https://github.com/cssnano/cssnano"
"postcss-merge-rules@4.0.3","MIT","https://github.com/cssnano/cssnano"
"postcss-minify-font-values@4.0.2","MIT","https://github.com/cssnano/cssnano"
"postcss-minify-gradients@4.0.2","MIT","https://github.com/cssnano/cssnano"
"postcss-minify-params@4.0.2","MIT","https://github.com/cssnano/cssnano"
"postcss-minify-selectors@4.0.2","MIT","https://github.com/cssnano/cssnano"
"postcss-modules-extract-imports@2.0.0","ISC","https://github.com/css-modules/postcss-modules-extract-imports"
"postcss-modules-local-by-default@3.0.3","MIT","https://github.com/css-modules/postcss-modules-local-by-default"
"postcss-modules-scope@2.2.0","ISC","https://github.com/css-modules/postcss-modules-scope"
"postcss-modules-values@3.0.0","ISC","https://github.com/css-modules/postcss-modules-values"
"postcss-normalize-charset@4.0.1","MIT","https://github.com/cssnano/cssnano"
"postcss-normalize-display-values@4.0.2","MIT","https://github.com/cssnano/cssnano"
"postcss-normalize-positions@4.0.2","MIT","https://github.com/cssnano/cssnano"
"postcss-normalize-repeat-style@4.0.2","MIT","https://github.com/cssnano/cssnano"
"postcss-normalize-string@4.0.2","MIT","https://github.com/cssnano/cssnano"
"postcss-normalize-timing-functions@4.0.2","MIT","https://github.com/cssnano/cssnano"
"postcss-normalize-unicode@4.0.1","MIT","https://github.com/cssnano/cssnano"
"postcss-normalize-url@4.0.1","MIT","https://github.com/cssnano/cssnano"
"postcss-normalize-whitespace@4.0.2","MIT","https://github.com/cssnano/cssnano"
"postcss-ordered-values@4.1.2","MIT","https://github.com/cssnano/cssnano"
"postcss-reduce-initial@4.0.3","MIT","https://github.com/cssnano/cssnano"
"postcss-reduce-transforms@4.0.2","MIT","https://github.com/cssnano/cssnano"
"postcss-selector-parser@3.1.2","MIT","https://github.com/postcss/postcss-selector-parser"
"postcss-selector-parser@6.0.4","MIT","https://github.com/postcss/postcss-selector-parser"
"postcss-svgo@4.0.2","MIT","https://github.com/cssnano/cssnano"
"postcss-unique-selectors@4.0.1","MIT","https://github.com/cssnano/cssnano"
"postcss-value-parser@3.3.1","MIT","https://github.com/TrySound/postcss-value-parser"
"postcss-value-parser@4.1.0","MIT","https://github.com/TrySound/postcss-value-parser"
"postcss@7.0.35","MIT","https://github.com/postcss/postcss"
"prelude-ls@1.2.1","MIT","https://github.com/gkz/prelude-ls"
"prepend-http@1.0.4","MIT","https://github.com/sindresorhus/prepend-http"
"prettier-linter-helpers@1.0.0","MIT","https://github.com/prettier/prettier-linter-helpers"
"prettier@1.19.1","MIT","https://github.com/prettier/prettier"
"pretty-bytes@5.4.1","MIT","https://github.com/sindresorhus/pretty-bytes"
"pretty-error@2.1.2","MIT","https://github.com/AriaMinaei/pretty-error"
"process-nextick-args@2.0.1","MIT","https://github.com/calvinmetcalf/process-nextick-args"
"process@0.11.10","MIT","https://github.com/shtylman/node-process"
"progress@2.0.3","MIT","https://github.com/visionmedia/node-progress"
"promise-inflight@1.0.1","ISC","https://github.com/iarna/promise-inflight"
"proxy-addr@2.0.6","MIT","https://github.com/jshttp/proxy-addr"
"prr@1.0.1","MIT","https://github.com/rvagg/prr"
"pseudomap@1.0.2","ISC","https://github.com/isaacs/pseudomap"
"psl@1.8.0","MIT","https://github.com/lupomontero/psl"
"public-encrypt@4.0.3","MIT","https://github.com/crypto-browserify/publicEncrypt"
"pump@2.0.1","MIT","https://github.com/mafintosh/pump"
"pump@3.0.0","MIT","https://github.com/mafintosh/pump"
"pumpify@1.5.1","MIT","https://github.com/mafintosh/pumpify"
"punycode@1.3.2","MIT","https://github.com/bestiejs/punycode.js"
"punycode@1.4.1","MIT","https://github.com/bestiejs/punycode.js"
"punycode@2.1.1","MIT","https://github.com/bestiejs/punycode.js"
"q@1.5.1","MIT","https://github.com/kriskowal/q"
"qs@6.5.2","BSD-3-Clause","https://github.com/ljharb/qs"
"qs@6.7.0","BSD-3-Clause","https://github.com/ljharb/qs"
"query-string@4.3.4","MIT","https://github.com/sindresorhus/query-string"
"querystring-es3@0.2.1","MIT","https://github.com/mike-spainhower/querystring"
"querystring@0.2.0","MIT","https://github.com/Gozala/querystring"
"querystringify@2.2.0","MIT","https://github.com/unshiftio/querystringify"
"randombytes@2.1.0","MIT","https://github.com/crypto-browserify/randombytes"
"randomfill@1.0.4","MIT","https://github.com/crypto-browserify/randomfill"
"range-parser@1.2.1","MIT","https://github.com/jshttp/range-parser"
"raw-body@2.4.0","MIT","https://github.com/stream-utils/raw-body"
"read-pkg-up@1.0.1","MIT","https://github.com/sindresorhus/read-pkg-up"
"read-pkg@1.1.0","MIT","https://github.com/sindresorhus/read-pkg"
"read-pkg@5.2.0","MIT","https://github.com/sindresorhus/read-pkg"
"readable-stream@2.3.7","MIT","https://github.com/nodejs/readable-stream"
"readable-stream@3.6.0","MIT","https://github.com/nodejs/readable-stream"
"readdirp@2.2.1","MIT","https://github.com/paulmillr/readdirp"
"readdirp@3.5.0","MIT","https://github.com/paulmillr/readdirp"
"redent@1.0.0","MIT","https://github.com/sindresorhus/redent"
"regenerate-unicode-properties@8.2.0","MIT","https://github.com/mathiasbynens/regenerate-unicode-properties"
"regenerate@1.4.1","MIT","https://github.com/mathiasbynens/regenerate"
"regenerator-runtime@0.11.1","MIT","https://github.com/facebook/regenerator/tree/master/packages/regenerator-runtime"
"regenerator-runtime@0.13.7","MIT","https://github.com/facebook/regenerator/tree/master/packages/regenerator-runtime"
"regenerator-transform@0.14.5","MIT","https://github.com/facebook/regenerator/tree/master/packages/regenerator-transform"
"regex-not@1.0.2","MIT","https://github.com/jonschlinkert/regex-not"
"regexp.prototype.flags@1.3.0","MIT","https://github.com/es-shims/RegExp.prototype.flags"
"regexpp@3.1.0","MIT","https://github.com/mysticatea/regexpp"
"regexpu-core@4.7.1","MIT","https://github.com/mathiasbynens/regexpu-core"
"register-service-worker@1.7.1","MIT","https://github.com/yyx990803/register-service-worker"
"regjsgen@0.5.2","MIT","https://github.com/bnjmnt4n/regjsgen"
"regjsparser@0.6.4","BSD-2-Clause","https://github.com/jviereck/regjsparser"
"relateurl@0.2.7","MIT","https://github.com/stevenvachon/relateurl"
"remove-trailing-separator@1.1.0","ISC","https://github.com/darsain/remove-trailing-separator"
"renderkid@2.0.4","MIT","https://github.com/AriaMinaei/RenderKid"
"repeat-element@1.1.3","MIT","https://github.com/jonschlinkert/repeat-element"
"repeat-string@1.6.1","MIT","https://github.com/jonschlinkert/repeat-string"
"repeating@2.0.1","MIT","https://github.com/sindresorhus/repeating"
"request@2.88.2","Apache-2.0","https://github.com/request/request"
"require-directory@2.1.1","MIT","https://github.com/troygoode/node-require-directory"
"require-main-filename@2.0.0","ISC","https://github.com/yargs/require-main-filename"
"requires-port@1.0.0","MIT","https://github.com/unshiftio/requires-port"
"resolve-cwd@2.0.0","MIT","https://github.com/sindresorhus/resolve-cwd"
"resolve-from@3.0.0","MIT","https://github.com/sindresorhus/resolve-from"
"resolve-from@4.0.0","MIT","https://github.com/sindresorhus/resolve-from"
"resolve-url@0.2.1","MIT","https://github.com/lydell/resolve-url"
"resolve@1.17.0","MIT","https://github.com/browserify/resolve"
"restore-cursor@2.0.0","MIT","https://github.com/sindresorhus/restore-cursor"
"restore-cursor@3.1.0","MIT","https://github.com/sindresorhus/restore-cursor"
"ret@0.1.15","MIT","https://github.com/fent/ret.js"
"retry@0.12.0","MIT","https://github.com/tim-kos/node-retry"
"rgb-regex@1.0.1","MIT","https://github.com/regexps/rgb-regex"
"rgba-regex@1.0.0","MIT","https://github.com/johnotander/rgba-regex"
"rimraf@2.6.3","ISC","https://github.com/isaacs/rimraf"
"rimraf@2.7.1","ISC","https://github.com/isaacs/rimraf"
"ripemd160@2.0.2","MIT","https://github.com/crypto-browserify/ripemd160"
"run-async@2.4.1","MIT","https://github.com/SBoudrias/run-async"
"run-queue@1.0.3","ISC","https://github.com/iarna/run-queue"
"rxjs@6.6.3","Apache-2.0","https://github.com/reactivex/rxjs"
"safe-buffer@5.1.2","MIT","https://github.com/feross/safe-buffer"
"safe-buffer@5.2.1","MIT","https://github.com/feross/safe-buffer"
"safe-regex@1.1.0","MIT","https://github.com/substack/safe-regex"
"safer-buffer@2.1.2","MIT","https://github.com/ChALkeR/safer-buffer"
"sass-graph@2.2.5","MIT","https://github.com/xzyfer/sass-graph"
"sass-loader@10.0.4","MIT","https://github.com/webpack-contrib/sass-loader"
"sax@1.2.4","ISC","https://github.com/isaacs/sax-js"
"schema-utils@1.0.0","MIT","https://github.com/webpack-contrib/schema-utils"
"schema-utils@2.7.1","MIT","https://github.com/webpack/schema-utils"
"schema-utils@3.0.0","MIT","https://github.com/webpack/schema-utils"
"scss-tokenizer@0.2.3","MIT","https://github.com/sasstools/scss-tokenizer"
"select-hose@2.0.0","MIT","https://github.com/indutny/select-hose"
"selfsigned@1.10.8","MIT","https://github.com/jfromaniello/selfsigned"
"semver-compare@1.0.0","MIT","https://github.com/substack/semver-compare"
"semver@5.3.0","ISC","https://github.com/npm/node-semver"
"semver@5.7.1","ISC","https://github.com/npm/node-semver"
"semver@6.3.0","ISC","https://github.com/npm/node-semver"
"semver@7.0.0","ISC","https://github.com/npm/node-semver"
"semver@7.3.2","ISC","https://github.com/npm/node-semver"
"send@0.17.1","MIT","https://github.com/pillarjs/send"
"serialize-javascript@4.0.0","BSD-3-Clause","https://github.com/yahoo/serialize-javascript"
"serve-index@1.9.1","MIT","https://github.com/expressjs/serve-index"
"serve-static@1.14.1","MIT","https://github.com/expressjs/serve-static"
"set-blocking@2.0.0","ISC","https://github.com/yargs/set-blocking"
"set-value@2.0.1","MIT","https://github.com/jonschlinkert/set-value"
"setimmediate@1.0.5","MIT","https://github.com/YuzuJS/setImmediate"
"setprototypeof@1.1.0","ISC","https://github.com/wesleytodd/setprototypeof"
"setprototypeof@1.1.1","ISC","https://github.com/wesleytodd/setprototypeof"
"sha.js@2.4.11","(MIT AND BSD-3-Clause)","https://github.com/crypto-browserify/sha.js"
"shebang-command@1.2.0","MIT","https://github.com/kevva/shebang-command"
"shebang-command@2.0.0","MIT","https://github.com/kevva/shebang-command"
"shebang-regex@1.0.0","MIT","https://github.com/sindresorhus/shebang-regex"
"shebang-regex@3.0.0","MIT","https://github.com/sindresorhus/shebang-regex"
"shell-quote@1.7.2","MIT","https://github.com/substack/node-shell-quote"
"signal-exit@3.0.3","ISC","https://github.com/tapjs/signal-exit"
"simple-swizzle@0.2.2","MIT","https://github.com/qix-/node-simple-swizzle"
"slash@1.0.0","MIT","https://github.com/sindresorhus/slash"
"slash@2.0.0","MIT","https://github.com/sindresorhus/slash"
"slice-ansi@2.1.0","MIT","https://github.com/chalk/slice-ansi"
"slice-ansi@3.0.0","MIT","https://github.com/chalk/slice-ansi"
"slice-ansi@4.0.0","MIT","https://github.com/chalk/slice-ansi"
"snapdragon-node@2.1.1","MIT","https://github.com/jonschlinkert/snapdragon-node"
"snapdragon-util@3.0.1","MIT","https://github.com/jonschlinkert/snapdragon-util"
"snapdragon@0.8.2","MIT","https://github.com/jonschlinkert/snapdragon"
"sockjs-client@1.4.0","MIT","https://github.com/sockjs/sockjs-client"
"sockjs@0.3.20","MIT","https://github.com/sockjs/sockjs-node"
"sort-keys@1.1.2","MIT","https://github.com/sindresorhus/sort-keys"
"source-list-map@2.0.1","MIT","https://github.com/webpack/source-list-map"
"source-map-resolve@0.5.3","MIT","https://github.com/lydell/source-map-resolve"
"source-map-support@0.5.19","MIT","https://github.com/evanw/node-source-map-support"
"source-map-url@0.4.0","MIT","https://github.com/lydell/source-map-url"
"source-map@0.4.4","BSD-3-Clause","https://github.com/mozilla/source-map"
"source-map@0.5.7","BSD-3-Clause","https://github.com/mozilla/source-map"
"source-map@0.6.1","BSD-3-Clause","https://github.com/mozilla/source-map"
"source-map@0.7.3","BSD-3-Clause","https://github.com/mozilla/source-map"
"spdx-correct@3.1.1","Apache-2.0","https://github.com/jslicense/spdx-correct.js"
"spdx-exceptions@2.3.0","CC-BY-3.0","https://github.com/kemitchell/spdx-exceptions.json"
"spdx-expression-parse@3.0.1","MIT","https://github.com/jslicense/spdx-expression-parse.js"
"spdx-license-ids@3.0.5","CC0-1.0","https://github.com/shinnn/spdx-license-ids"
"spdy-transport@3.0.0","MIT","https://github.com/spdy-http2/spdy-transport"
"spdy@4.0.2","MIT","https://github.com/indutny/node-spdy"
"split-string@3.1.0","MIT","https://github.com/jonschlinkert/split-string"
"sprintf-js@1.0.3","BSD-3-Clause","https://github.com/alexei/sprintf.js"
"sshpk@1.16.1","MIT","https://github.com/joyent/node-sshpk"
"ssri@6.0.1","ISC","https://github.com/zkat/ssri"
"ssri@7.1.0","ISC","https://github.com/npm/ssri"
"stable@0.1.8","MIT","https://github.com/Two-Screen/stable"
"stackframe@1.2.0","MIT","https://github.com/stacktracejs/stackframe"
"static-extend@0.1.2","MIT","https://github.com/jonschlinkert/static-extend"
"statuses@1.5.0","MIT","https://github.com/jshttp/statuses"
"stdout-stream@1.4.1","MIT","https://github.com/mafintosh/stdout-stream"
"stream-browserify@2.0.2","MIT","https://github.com/browserify/stream-browserify"
"stream-each@1.2.3","MIT","https://github.com/mafintosh/stream-each"
"stream-http@2.8.3","MIT","https://github.com/jhiesey/stream-http"
"stream-shift@1.0.1","MIT","https://github.com/mafintosh/stream-shift"
"strict-uri-encode@1.1.0","MIT","https://github.com/kevva/strict-uri-encode"
"string-argv@0.3.1","MIT","https://github.com/mccormicka/string-argv"
"string-width@1.0.2","MIT","https://github.com/sindresorhus/string-width"
"string-width@2.1.1","MIT","https://github.com/sindresorhus/string-width"
"string-width@3.1.0","MIT","https://github.com/sindresorhus/string-width"
"string-width@4.2.0","MIT","https://github.com/sindresorhus/string-width"
"string.prototype.trimend@1.0.2","MIT","https://github.com/es-shims/String.prototype.trimEnd"
"string.prototype.trimstart@1.0.2","MIT","https://github.com/es-shims/String.prototype.trimStart"
"string_decoder@1.1.1","MIT","https://github.com/nodejs/string_decoder"
"string_decoder@1.3.0","MIT","https://github.com/nodejs/string_decoder"
"stringify-object@3.3.0","BSD-2-Clause","https://github.com/yeoman/stringify-object"
"strip-ansi@3.0.1","MIT","https://github.com/chalk/strip-ansi"
"strip-ansi@4.0.0","MIT","https://github.com/chalk/strip-ansi"
"strip-ansi@5.2.0","MIT","https://github.com/chalk/strip-ansi"
"strip-ansi@6.0.0","MIT","https://github.com/chalk/strip-ansi"
"strip-bom@2.0.0","MIT","https://github.com/sindresorhus/strip-bom"
"strip-comments@1.0.2","MIT","https://github.com/jonschlinkert/strip-comments"
"strip-eof@1.0.0","MIT","https://github.com/sindresorhus/strip-eof"
"strip-final-newline@2.0.0","MIT","https://github.com/sindresorhus/strip-final-newline"
"strip-indent@1.0.1","MIT","https://github.com/sindresorhus/strip-indent"
"strip-indent@2.0.0","MIT","https://github.com/sindresorhus/strip-indent"
"strip-json-comments@3.1.1","MIT","https://github.com/sindresorhus/strip-json-comments"
"stylehacks@4.0.3","MIT","https://github.com/cssnano/cssnano"
"supports-color@2.0.0","MIT","https://github.com/chalk/supports-color"
"supports-color@5.5.0","MIT","https://github.com/chalk/supports-color"
"supports-color@6.1.0","MIT","https://github.com/chalk/supports-color"
"supports-color@7.2.0","MIT","https://github.com/chalk/supports-color"
"svg-tags@1.0.0","MIT","https://github.com/element-io/svg-tags"
"svgo@1.3.2","MIT","https://github.com/svg/svgo"
"table@5.4.6","BSD-3-Clause","https://github.com/gajus/table"
"tapable@1.1.3","MIT","https://github.com/webpack/tapable"
"tar@2.2.2","ISC","https://github.com/isaacs/node-tar"
"terser-webpack-plugin@1.4.5","MIT","https://github.com/webpack-contrib/terser-webpack-plugin"
"terser-webpack-plugin@2.3.8","MIT","https://github.com/webpack-contrib/terser-webpack-plugin"
"terser@4.8.0","BSD-2-Clause","https://github.com/terser/terser"
"text-table@0.2.0","MIT","https://github.com/substack/text-table"
"thenify-all@1.6.0","MIT","https://github.com/thenables/thenify-all"
"thenify@3.3.1","MIT","https://github.com/thenables/thenify"
"thread-loader@2.1.3","MIT","https://github.com/webpack-contrib/thread-loader"
"through2@2.0.5","MIT","https://github.com/rvagg/through2"
"through@2.3.8","MIT","https://github.com/dominictarr/through"
"thunky@1.1.0","MIT","https://github.com/mafintosh/thunky"
"timers-browserify@2.0.11","MIT","https://github.com/jryans/timers-browserify"
"timsort@0.3.0","MIT","https://github.com/mziccard/node-timsort"
"tmp@0.0.33","MIT","https://github.com/raszi/node-tmp"
"to-arraybuffer@1.0.1","MIT","https://github.com/jhiesey/to-arraybuffer"
"to-fast-properties@2.0.0","MIT","https://github.com/sindresorhus/to-fast-properties"
"to-object-path@0.3.0","MIT","https://github.com/jonschlinkert/to-object-path"
"to-regex-range@2.1.1","MIT","https://github.com/micromatch/to-regex-range"
"to-regex-range@5.0.1","MIT","https://github.com/micromatch/to-regex-range"
"to-regex@3.0.2","MIT","https://github.com/jonschlinkert/to-regex"
"toidentifier@1.0.0","MIT","https://github.com/component/toidentifier"
"toposort@1.0.7","MIT","https://github.com/marcelklehr/toposort"
"tough-cookie@2.5.0","BSD-3-Clause","https://github.com/salesforce/tough-cookie"
"trim-newlines@1.0.0","MIT","https://github.com/sindresorhus/trim-newlines"
"true-case-path@1.0.3","Apache-2.0","https://github.com/barsh/true-case-path"
"tryer@1.0.1","MIT","git+https://gitlab.com/philbooth/tryer"
"ts-pnp@1.2.0","MIT","https://github.com/arcanis/ts-pnp"
"tslib@1.14.1","0BSD","https://github.com/Microsoft/tslib"
"tty-browserify@0.0.0","MIT","https://github.com/substack/tty-browserify"
"tunnel-agent@0.6.0","Apache-2.0","https://github.com/mikeal/tunnel-agent"
"tweetnacl@0.14.5","Unlicense","https://github.com/dchest/tweetnacl-js"
"type-check@0.4.0","MIT","https://github.com/gkz/type-check"
"type-fest@0.11.0","(MIT OR CC0-1.0)","https://github.com/sindresorhus/type-fest"
"type-fest@0.6.0","(MIT OR CC0-1.0)","https://github.com/sindresorhus/type-fest"
"type-fest@0.8.1","(MIT OR CC0-1.0)","https://github.com/sindresorhus/type-fest"
"type-is@1.6.18","MIT","https://github.com/jshttp/type-is"
"typedarray@0.0.6","MIT","https://github.com/substack/typedarray"
"uglify-js@3.4.10","BSD-2-Clause","https://github.com/mishoo/UglifyJS2"
"unicode-canonical-property-names-ecmascript@1.0.4","MIT","https://github.com/mathiasbynens/unicode-canonical-property-names-ecmascript"
"unicode-match-property-ecmascript@1.0.4","MIT","https://github.com/mathiasbynens/unicode-match-property-ecmascript"
"unicode-match-property-value-ecmascript@1.2.0","MIT","https://github.com/mathiasbynens/unicode-match-property-value-ecmascript"
"unicode-property-aliases-ecmascript@1.1.0","MIT","https://github.com/mathiasbynens/unicode-property-aliases-ecmascript"
"union-value@1.0.1","MIT","https://github.com/jonschlinkert/union-value"
"uniq@1.0.1","MIT","https://github.com/mikolalysenko/uniq"
"uniqs@2.0.0","MIT","https://github.com/fgnass/uniqs"
"unique-filename@1.1.1","ISC","https://github.com/iarna/unique-filename"
"unique-slug@2.0.2","ISC","https://github.com/iarna/unique-slug"
"universalify@0.1.2","MIT","https://github.com/RyanZim/universalify"
"unpipe@1.0.0","MIT","https://github.com/stream-utils/unpipe"
"unquote@1.1.1","MIT","https://github.com/lakenen/node-unquote"
"unset-value@1.0.0","MIT","https://github.com/jonschlinkert/unset-value"
"upath@1.2.0","MIT","https://github.com/anodynos/upath"
"upper-case@1.1.3","MIT","https://github.com/blakeembrey/upper-case"
"uri-js@4.2.2","BSD-2-Clause","https://github.com/garycourt/uri-js"
"urix@0.1.0","MIT","https://github.com/lydell/urix"
"url-loader@2.3.0","MIT","https://github.com/webpack-contrib/url-loader"
"url-parse@1.4.7","MIT","https://github.com/unshiftio/url-parse"
"url@0.11.0","MIT","https://github.com/defunctzombie/node-url"
"use@3.1.1","MIT","https://github.com/jonschlinkert/use"
"util-deprecate@1.0.2","MIT","https://github.com/TooTallNate/util-deprecate"
"util.promisify@1.0.0","MIT","https://github.com/ljharb/util.promisify"
"util.promisify@1.0.1","MIT","https://github.com/ljharb/util.promisify"
"util@0.10.3","MIT","https://github.com/defunctzombie/node-util"
"util@0.11.1","MIT","https://github.com/defunctzombie/node-util"
"utila@0.4.0","MIT","https://github.com/AriaMinaei/utila"
"utils-merge@1.0.1","MIT","https://github.com/jaredhanson/utils-merge"
"uuid@3.4.0","MIT","https://github.com/uuidjs/uuid"
"uuid@8.3.1","MIT","https://github.com/uuidjs/uuid"
"v8-compile-cache@2.1.1","MIT","https://github.com/zertosh/v8-compile-cache"
"validate-npm-package-license@3.0.4","Apache-2.0","https://github.com/kemitchell/validate-npm-package-license.js"
"vary@1.1.2","MIT","https://github.com/jshttp/vary"
"vendors@1.0.4","MIT","https://github.com/wooorm/vendors"
"verror@1.10.0","MIT","https://github.com/davepacheco/node-verror"
"vide@1.0.0","Custom: https://www.apache.org",""
"vm-browserify@1.1.2","MIT","https://github.com/substack/vm-browserify"
"vue-cookies@1.7.4","MIT","https://github.com/cmp-cc/vue-cookies"
"vue-eslint-parser@7.1.1","MIT","https://github.com/mysticatea/vue-eslint-parser"
"vue-hot-reload-api@2.3.4","MIT","https://github.com/vuejs/vue-hot-reload-api"
"vue-i18n@8.22.1","MIT","https://github.com/kazupon/vue-i18n"
"vue-loader@15.9.3","MIT","https://github.com/vuejs/vue-loader"
"vue-loader@16.0.0-beta.8","MIT",""
"vue-router@3.4.8","MIT","https://github.com/vuejs/vue-router"
"vue-style-loader@4.1.2","MIT","https://github.com/vuejs/vue-style-loader"
"vue-template-compiler@2.6.12","MIT","https://github.com/vuejs/vue"
"vue-template-es2015-compiler@1.9.1","MIT","https://github.com/vuejs/vue-template-es2015-compiler"
"vue@2.6.12","MIT","https://github.com/vuejs/vue"
"vuelidate@0.7.6","MIT","https://github.com/monterail/vuelidate"
"vuetify@2.3.15","MIT","https://github.com/vuetifyjs/vuetify"
"vuex@3.5.1","MIT","https://github.com/vuejs/vuex"
"watchpack-chokidar2@2.0.0","MIT","https://github.com/webpack/watchpack"
"watchpack@1.7.4","MIT","https://github.com/webpack/watchpack"
"wbuf@1.7.3","MIT","https://github.com/indutny/wbuf"
"wcwidth@1.0.1","MIT","https://github.com/timoxley/wcwidth"
"webpack-bundle-analyzer@3.9.0","MIT","https://github.com/webpack-contrib/webpack-bundle-analyzer"
"webpack-chain@6.5.1","MPL-2.0","https://github.com/neutrinojs/webpack-chain"
"webpack-dev-middleware@3.7.2","MIT","https://github.com/webpack/webpack-dev-middleware"
"webpack-dev-server@3.11.0","MIT","https://github.com/webpack/webpack-dev-server"
"webpack-log@2.0.0","MIT","https://github.com/webpack-contrib/webpack-log"
"webpack-merge@4.2.2","MIT","https://github.com/survivejs/webpack-merge"
"webpack-sources@1.4.3","MIT","https://github.com/webpack/webpack-sources"
"webpack@4.44.2","MIT","https://github.com/webpack/webpack"
"websocket-driver@0.6.5","MIT","https://github.com/faye/websocket-driver-node"
"websocket-extensions@0.1.4","Apache-2.0","https://github.com/faye/websocket-extensions-node"
"which-module@2.0.0","ISC","https://github.com/nexdrew/which-module"
"which@1.3.1","ISC","https://github.com/isaacs/node-which"
"which@2.0.2","ISC","https://github.com/isaacs/node-which"
"wide-align@1.1.3","ISC","https://github.com/iarna/wide-align"
"word-wrap@1.2.3","MIT","https://github.com/jonschlinkert/word-wrap"
"workbox-background-sync@4.3.1","MIT","https://github.com/googlechrome/workbox"
"workbox-broadcast-update@4.3.1","MIT","https://github.com/googlechrome/workbox"
"workbox-build@4.3.1","MIT","https://github.com/googlechrome/workbox"
"workbox-cacheable-response@4.3.1","MIT","https://github.com/googlechrome/workbox"
"workbox-core@4.3.1","MIT","https://github.com/googlechrome/workbox"
"workbox-expiration@4.3.1","MIT","https://github.com/googlechrome/workbox"
"workbox-google-analytics@4.3.1","MIT","https://github.com/googlechrome/workbox"
"workbox-navigation-preload@4.3.1","MIT","https://github.com/googlechrome/workbox"
"workbox-precaching@4.3.1","MIT","https://github.com/googlechrome/workbox"
"workbox-range-requests@4.3.1","MIT","https://github.com/googlechrome/workbox"
"workbox-routing@4.3.1","MIT","https://github.com/googlechrome/workbox"
"workbox-strategies@4.3.1","MIT","https://github.com/googlechrome/workbox"
"workbox-streams@4.3.1","MIT","https://github.com/googlechrome/workbox"
"workbox-sw@4.3.1","MIT","https://github.com/googlechrome/workbox"
"workbox-webpack-plugin@4.3.1","MIT","https://github.com/googlechrome/workbox"
"workbox-window@4.3.1","MIT","https://github.com/googlechrome/workbox"
"worker-farm@1.7.0","MIT","https://github.com/rvagg/node-worker-farm"
"wrap-ansi@5.1.0","MIT","https://github.com/chalk/wrap-ansi"
"wrap-ansi@6.2.0","MIT","https://github.com/chalk/wrap-ansi"
"wrappy@1.0.2","ISC","https://github.com/npm/wrappy"
"write@1.0.3","MIT","https://github.com/jonschlinkert/write"
"ws@6.2.1","MIT","https://github.com/websockets/ws"
"xtend@4.0.2","MIT","https://github.com/Raynos/xtend"
"y18n@4.0.0","ISC","https://github.com/yargs/y18n"
"yallist@2.1.2","ISC","https://github.com/isaacs/yallist"
"yallist@3.1.1","ISC","https://github.com/isaacs/yallist"
"yallist@4.0.0","ISC","https://github.com/isaacs/yallist"
"yaml@1.10.0","ISC","https://github.com/eemeli/yaml"
"yargs-parser@13.1.2","ISC","https://github.com/yargs/yargs-parser"
"yargs-parser@18.1.3","ISC","https://github.com/yargs/yargs-parser"
"yargs@13.3.2","MIT","https://github.com/yargs/yargs"
"yargs@15.4.1","MIT","https://github.com/yargs/yargs"
"yorkie@2.0.0","MIT","https://github.com/yyx990803/yorkie"